Serial #,source,Type,all,annual,country/annual,1 series per country,unique countries,MOU,Country Name,Year,series (at least 3 samples since 1999),AF/AS,Title,frequency,Region,9,samples annual,by,created,Original,official language,links,,,,questionnaires,reports
17398,ihsn,emp,1,,,,,,Mexico,2000,,,"Encuesta Nacional de Empleo 2000, II Trimestre ",q,nac,,,By: Instituto Nacional de Estadística y Geografía (INEGI) - Gobierno de México,"Created on: May 19, 2014 Last modified: May 19, 2014 Views: 31","Mexico, 2000",,http://catalog.ihsn.org/index.php/catalog/4536,,,,http://catalog.ihsn.org/index.php/catalog/4536/download/57934,null
17405,ihsn,emp,1,,,,,,Mexico,2000,,,"Encuesta Nacional de Empleo 2000, III Trimestre ",q,nac,,,By: Instituto Nacional de Estadística y Geografía (INEGI) - Gobierno de México,"Created on: May 19, 2014 Last modified: May 19, 2014 Views: 8","Mexico, 2000",,http://catalog.ihsn.org/index.php/catalog/4537,,,,http://catalog.ihsn.org/index.php/catalog/4537/download/57941,null
17412,ihsn,emp,1,,,,,,Mexico,2000,,,"Encuesta Nacional de Empleo 2000, IV Trimestre ",q,nac,,,By: Instituto Nacional de Estadística y Geografía (INEGI) - Gobierno de México,"Created on: May 19, 2014 Last modified: May 19, 2014 Views: 40","Mexico, 2000",,http://catalog.ihsn.org/index.php/catalog/4538,,,,http://catalog.ihsn.org/index.php/catalog/4538/download/57948,null
17356,ihsn,emp,1,1,1,,1,1,Mexico,2001,1,,"Encuesta Nacional de Empleo 2001, I Trimestre ",q,nac,1,,By: Instituto Nacional de Estadística y Geografía (INEGI) - Gobierno de México,"Created on: May 19, 2014 Last modified: May 19, 2014 Views: 27","Mexico, 2001",,http://catalog.ihsn.org/index.php/catalog/4539,,,,http://catalog.ihsn.org/index.php/catalog/4539/download/57957,null
17363,ihsn,emp,1,,,,,,Mexico,2001,,,"Encuesta Nacional de Empleo 2001, II Trimestre ",q,nac,,,By: Instituto Nacional de Estadística y Geografía (INEGI) - Gobierno de México,"Created on: May 19, 2014 Last modified: May 19, 2014 Views: 50","Mexico, 2001",,http://catalog.ihsn.org/index.php/catalog/4540,,,,http://catalog.ihsn.org/index.php/catalog/4540/download/57965,null
17370,ihsn,emp,1,,,,,,Mexico,2001,,,"Encuesta Nacional de Empleo 2001, III Trimestre ",q,nac,,,By: Instituto Nacional de Estadística y Geografía (INEGI) - Gobierno de México,"Created on: May 19, 2014 Last modified: May 19, 2014 Views: 29","Mexico, 2001",,http://catalog.ihsn.org/index.php/catalog/4541,,,,http://catalog.ihsn.org/index.php/catalog/4541/download/57973,null
17377,ihsn,emp,1,,,,,,Mexico,2001,,,"Encuesta Nacional de Empleo 2001, IV Trimestre ",q,nac,,,By: Instituto Nacional de Estadística y Geografía (INEGI) - Gobierno de México,"Created on: May 19, 2014 Last modified: May 19, 2014 Views: 26","Mexico, 2001",,http://catalog.ihsn.org/index.php/catalog/4542,,,,http://catalog.ihsn.org/index.php/catalog/4542/download/57981,null
17328,ihsn,emp,1,,,,,,Mexico,2002,,,"Encuesta Nacional de Empleo 2002, I Trimestre ",q,nac,,,By: Instituto Nacional de Estadística y Geografía (INEGI) - Gobierno de México,"Created on: May 19, 2014 Last modified: May 19, 2014 Views: 43","Mexico, 2002",,http://catalog.ihsn.org/index.php/catalog/4543,,,,http://catalog.ihsn.org/index.php/catalog/4543/download/57990,null
17335,ihsn,emp,1,,,,,,Mexico,2002,,,"Encuesta Nacional de Empleo 2002, II Trimestre ",q,nac,,,By: Instituto Nacional de Estadística y Geografía (INEGI) - Gobierno de México,"Created on: May 19, 2014 Last modified: May 19, 2014 Views: 29","Mexico, 2002",,http://catalog.ihsn.org/index.php/catalog/4544,,,,http://catalog.ihsn.org/index.php/catalog/4544/download/57998,null
17342,ihsn,emp,1,,,,,,Mexico,2002,,,"Encuesta Nacional de Empleo 2002, III Trimestre ",q,nac,,,By: Instituto Nacional de Estadística y Geografía (INEGI) - Gobierno de México,"Created on: May 19, 2014 Last modified: May 19, 2014 Views: 33","Mexico, 2002",,http://catalog.ihsn.org/index.php/catalog/4545,,,,http://catalog.ihsn.org/index.php/catalog/4545/download/58006,null
17349,ihsn,emp,1,1,1,,,,Mexico,2002,,,"Encuesta Nacional de Empleo 2002, IV Trimestre ",q,nac,1,,By: Instituto Nacional de Estadística y Geografía (INEGI) - Gobierno de México,"Created on: May 19, 2014 Last modified: May 19, 2014 Views: 33","Mexico, 2002",,http://catalog.ihsn.org/index.php/catalog/4546,,,,http://catalog.ihsn.org/index.php/catalog/4546/download/58014,null
17293,ihsn,emp,1,,,,,,Mexico,2003,,,"Encuesta Nacional de Empleo 2003, I Trimestre ",q,nac,,,By: Instituto Nacional de Estadística y Geografía (INEGI) - Gobierno de México,"Created on: May 19, 2014 Last modified: May 19, 2014 Views: 18","Mexico, 2003",,http://catalog.ihsn.org/index.php/catalog/4547,,,,http://catalog.ihsn.org/index.php/catalog/4547/download/58023,null
17300,ihsn,emp,1,,,,,,Mexico,2003,,,"Encuesta Nacional de Empleo 2003, II Trimestre ",q,nac,,,By: Instituto Nacional de Estadística y Geografía (INEGI) - Gobierno de México,"Created on: May 19, 2014 Last modified: May 19, 2014 Views: 35","Mexico, 2003",,http://catalog.ihsn.org/index.php/catalog/4548,,,,http://catalog.ihsn.org/index.php/catalog/4548/download/58031,null
17307,ihsn,emp,1,,,,,,Mexico,2003,,,"Encuesta Nacional de Empleo 2003, III Trimestre ",q,nac,,,By: Instituto Nacional de Estadística y Geografía (INEGI) - Gobierno de México,"Created on: May 19, 2014 Last modified: May 19, 2014 Views: 35","Mexico, 2003",,http://catalog.ihsn.org/index.php/catalog/4549,,,,http://catalog.ihsn.org/index.php/catalog/4549/download/58039,null
17314,ihsn,emp,1,1,1,,,,Mexico,2003,,,"Encuesta Nacional de Empleo 2003, IV Trimestre ",q,nac,1,,By: Instituto Nacional de Estadística y Geografía (INEGI) - Gobierno de México,"Created on: May 19, 2014 Last modified: May 19, 2014 Views: 26","Mexico, 2003",,http://catalog.ihsn.org/index.php/catalog/4550,,,,http://catalog.ihsn.org/index.php/catalog/4550/download/58047,null
17265,ihsn,emp,1,,,,,,Mexico,2004,,,"Encuesta Nacional de Empleo 2004, I Trimestre ",q,nac,,,By: Instituto Nacional de Estadística y Geografía (INEGI) - Gobierno de México,"Created on: May 19, 2014 Last modified: May 19, 2014 Views: 15","Mexico, 2004",,http://catalog.ihsn.org/index.php/catalog/4551,,,,http://catalog.ihsn.org/index.php/catalog/4551/download/58055,null
17272,ihsn,emp,1,,,,,,Mexico,2004,,,"Encuesta Nacional de Empleo 2004, II Trimestre ",q,nac,,,By: Instituto Nacional de Estadística y Geografía (INEGI) - Gobierno de México,"Created on: May 19, 2014 Last modified: May 19, 2014 Views: 42","Mexico, 2004",,http://catalog.ihsn.org/index.php/catalog/4552,,,,http://catalog.ihsn.org/index.php/catalog/4552/download/58063,null
17279,ihsn,emp,1,,,,,,Mexico,2004,,,"Encuesta Nacional de Empleo 2004, III Trimestre ",q,nac,,,By: Instituto Nacional de Estadística y Geografía (INEGI) - Gobierno de México,"Created on: May 19, 2014 Last modified: May 19, 2014 Views: 39","Mexico, 2004",,http://catalog.ihsn.org/index.php/catalog/4553,,,,http://catalog.ihsn.org/index.php/catalog/4553/download/58071,null
17286,ihsn,emp,1,1,1,,,,Mexico,2004,,,"Encuesta Nacional de Empleo 2004, IV Trimestre ",q,nac,1,,By: Instituto Nacional de Estadística y Geografía (INEGI) - Gobierno de México,"Created on: May 19, 2014 Last modified: May 19, 2014 Views: 25","Mexico, 2004",,http://catalog.ihsn.org/index.php/catalog/4554,,,,http://catalog.ihsn.org/index.php/catalog/4554/download/58079,null
17215,ihsn,emp,1,,,,,,Mexico,2006,,,"Encuesta Nacional de Ocupación y Empleo 2006, I Trimestre ",q,nac,,,By: Instituto Nacional de Estadística Geografía e Informática,"Created on: May 19, 2014 Last modified: May 19, 2014 Views: 12","Mexico, 2006",,http://catalog.ihsn.org/index.php/catalog/4559,,,,http://catalog.ihsn.org/index.php/catalog/4559/download/58127,http://catalog.ihsn.org/index.php/catalog/4559/download/58129
17222,ihsn,emp,1,,,,,,Mexico,2006,,,"Encuesta Nacional de Ocupación y Empleo 2006, II Trimestre ",q,nac,,,By: Instituto Nacional de Estadística Geografía e Informática,"Created on: May 19, 2014 Last modified: May 19, 2014 Views: 348","Mexico, 2006",,http://catalog.ihsn.org/index.php/catalog/4560,,,,http://catalog.ihsn.org/index.php/catalog/4560/download/58137,http://catalog.ihsn.org/index.php/catalog/4560/download/58139
17229,ihsn,emp,1,,,,,,Mexico,2006,,,"Encuesta Nacional de Ocupación y Empleo 2006, III Trimestre ",q,nac,,,By: Instituto Nacional de Estadística Geografía e Informática,"Created on: May 19, 2014 Last modified: May 19, 2014 Views: 16","Mexico, 2006",,http://catalog.ihsn.org/index.php/catalog/4561,,,,http://catalog.ihsn.org/index.php/catalog/4561/download/58147,http://catalog.ihsn.org/index.php/catalog/4561/download/58149
17236,ihsn,emp,1,1,1,,,,Mexico,2006,,,"Encuesta Nacional de Ocupación y Empleo 2006, IV Trimestre ",q,nac,1,,By: Instituto Nacional de Estadística Geografía e Informática,"Created on: May 19, 2014 Last modified: May 19, 2014 Views: 16","Mexico, 2006",,http://catalog.ihsn.org/index.php/catalog/4562,,,,http://catalog.ihsn.org/index.php/catalog/4562/download/58157,http://catalog.ihsn.org/index.php/catalog/4562/download/58159
17159,ihsn,emp,1,,,,,,Mexico,2007,,,"Encuesta Nacional de Ocupación y Empleo 2007, I Trimestre ",q,nac,,,By: Instituto Nacional de Estadística Geografía e Informática,"Created on: May 19, 2014 Last modified: May 19, 2014 Views: 244","Mexico, 2007",,http://catalog.ihsn.org/index.php/catalog/4563,,,,http://catalog.ihsn.org/index.php/catalog/4563/download/58167,null
17166,ihsn,emp,1,,,,,,Mexico,2007,,,"Encuesta Nacional de Ocupación y Empleo 2007, II Trimestre ",q,nac,,,By: Instituto Nacional de Estadística Geografía e Informática,"Created on: May 19, 2014 Last modified: May 19, 2014 Views: 150","Mexico, 2007",,http://catalog.ihsn.org/index.php/catalog/4564,,,,http://catalog.ihsn.org/index.php/catalog/4564/download/58176,null
17173,ihsn,emp,1,,,,,,Mexico,2007,,,"Encuesta Nacional de Ocupación y Empleo 2007, III Trimestre ",q,nac,,,By: Instituto Nacional de Estadística Geografía e Informática,"Created on: May 19, 2014 Last modified: May 19, 2014 Views: 351","Mexico, 2007",,http://catalog.ihsn.org/index.php/catalog/4565,,,,http://catalog.ihsn.org/index.php/catalog/4565/download/58185,null
17180,ihsn,emp,1,1,1,,,,Mexico,2007,,,"Encuesta Nacional de Ocupación y Empleo 2007, IV Trimestre ",q,nac,1,,By: Instituto Nacional de Estadística Geografía e Informática,"Created on: May 19, 2014 Last modified: May 19, 2014 Views: 95","Mexico, 2007",,http://catalog.ihsn.org/index.php/catalog/4566,,,,http://catalog.ihsn.org/index.php/catalog/4566/download/58194,null
17117,ihsn,emp,1,,,,,,Mexico,2009,,,Encuesta Nacional de Ocupación y Empleo 2009 - Trimestre I ,q,nac,,,"By: Instituto Nacional de Estadística y Geografía, INEGI","Created on: Jul 10, 2013 Last modified: Sep 14, 2013 Views: 530","Mexico, 2009",,http://catalog.ihsn.org/index.php/catalog/3017,,,,http://catalog.ihsn.org/index.php/catalog/3017/download/45266,null
17124,ihsn,emp,1,,,,,,Mexico,2009,,,Encuesta Nacional de Ocupación y Empleo 2009 - Trimestre II ,q,nac,,,"By: Instituto Nacional de Estadística y Geografía, INEGI","Created on: Jul 10, 2013 Last modified: Sep 14, 2013 Views: 1219","Mexico, 2009",,http://catalog.ihsn.org/index.php/catalog/3016,,,,http://catalog.ihsn.org/index.php/catalog/3016/download/45253,null
17131,ihsn,emp,1,,,,,,Mexico,2009,,,Encuesta Nacional de Ocupación y Empleo 2009 - Trimestre III ,q,nac,,,"By: Instituto Nacional de Estadística y Geografía, INEGI","Created on: Jul 10, 2013 Last modified: Sep 14, 2013 Views: 1132","Mexico, 2009",,http://catalog.ihsn.org/index.php/catalog/3015,,,,http://catalog.ihsn.org/index.php/catalog/3015/download/45240,null
17138,ihsn,emp,1,1,1,,,,Mexico,2009,,,Encuesta Nacional de Ocupación y Empleo 2009 - Trimestre IV ,q,nac,1,,"By: Instituto Nacional de Estadística y Geografía, INEGI","Created on: Jul 10, 2013 Last modified: Sep 14, 2013 Views: 440","Mexico, 2009",,http://catalog.ihsn.org/index.php/catalog/3014,,,,http://catalog.ihsn.org/index.php/catalog/3014/download/45227,null
17082,ihsn,emp,1,,,,,,Mexico,2010,,,Encuesta Nacional de Ocupación y Empleo 2010 - Trimestre I ,q,nac,,,"By: Instituto Nacional de Estadística y Geografía, INEGI","Created on: Jul 10, 2013 Last modified: Sep 14, 2013 Views: 816","Mexico, 2010",,http://catalog.ihsn.org/index.php/catalog/3006,,,,http://catalog.ihsn.org/index.php/catalog/3006/download/45152,null
17089,ihsn,emp,1,,,,,,Mexico,2010,,,Encuesta Nacional de Ocupación y Empleo 2010 - Trimestre II ,q,nac,,,"By: Instituto Nacional de Estadística y Geografía, INEGI","Created on: Jul 10, 2013 Last modified: Sep 14, 2013 Views: 967","Mexico, 2010",,http://catalog.ihsn.org/index.php/catalog/3005,,,,http://catalog.ihsn.org/index.php/catalog/3005/download/45139,null
17096,ihsn,emp,1,,,,,,Mexico,2010,,,Encuesta Nacional de Ocupación y Empleo 2010 - Trimestre III ,q,nac,,,"By: Instituto Nacional de Estadística y Geografía, INEGI","Created on: Jul 10, 2013 Last modified: Sep 14, 2013 Views: 845","Mexico, 2010",,http://catalog.ihsn.org/index.php/catalog/3004,,,,http://catalog.ihsn.org/index.php/catalog/3004/download/45126,null
17103,ihsn,emp,1,1,1,,,,Mexico,2010,,,Encuesta Nacional de Ocupación y Empleo 2010 - Trimestre IV ,q,nac,1,,"By: Instituto Nacional de Estadística y Geografía, INEGI","Created on: Jul 10, 2013 Last modified: Sep 14, 2013 Views: 661","Mexico, 2010",,http://catalog.ihsn.org/index.php/catalog/3003,,,,http://catalog.ihsn.org/index.php/catalog/3003/download/45112,null
17024,ihsn,emp,1,,,,,,Mexico,2011,,,Encuesta Nacional de Ocupación y Empleo 2011 - Trimestre I ,q,nac,,,"By: Instituto Nacional de Estadística y Geografía, INEGI","Created on: Jul 10, 2013 Last modified: Sep 14, 2013 Views: 859","Mexico, 2011",,http://catalog.ihsn.org/index.php/catalog/2997,,,,http://catalog.ihsn.org/index.php/catalog/2997/download/45078,null
17031,ihsn,emp,1,,,,,,Mexico,2011,,,Encuesta Nacional de Ocupación y Empleo 2011 - Trimestre II ,q,nac,,,"By: Instituto Nacional de Estadística y Geografía, INEGI","Created on: Jul 10, 2013 Last modified: Sep 14, 2013 Views: 1064","Mexico, 2011",,http://catalog.ihsn.org/index.php/catalog/2996,,,,http://catalog.ihsn.org/index.php/catalog/2996/download/45065,null
17038,ihsn,emp,1,,,,,,Mexico,2011,,,Encuesta Nacional de Ocupación y Empleo 2011 - Trimestre III ,q,nac,,,"By: Instituto Nacional de Estadística y Geografía, INEGI","Created on: Jul 10, 2013 Last modified: Sep 14, 2013 Views: 595","Mexico, 2011",,http://catalog.ihsn.org/index.php/catalog/2995,,,,http://catalog.ihsn.org/index.php/catalog/2995/download/45052,null
17045,ihsn,emp,1,1,1,,,,Mexico,2011,,,Encuesta Nacional de Ocupación y Empleo 2011 - Trimestre IV ,q,nac,1,,"By: Instituto Nacional de Estadística y Geografía, INEGI","Created on: Jul 10, 2013 Last modified: Sep 14, 2013 Views: 533","Mexico, 2011",,http://catalog.ihsn.org/index.php/catalog/2994,,,,http://catalog.ihsn.org/index.php/catalog/2994/download/45039,null
16996,ihsn,emp,1,,,,,,Mexico,2012,,,Encuesta Nacional de Ocupación y Empleo 2012 - Trimestre I ,q,nac,,,"By: Instituto Nacional de Estadística y Geografía, INEGI","Created on: Jul 10, 2013 Last modified: Sep 14, 2013 Views: 1734","Mexico, 2012",,http://catalog.ihsn.org/index.php/catalog/2993,,,,http://catalog.ihsn.org/index.php/catalog/2993/download/45026,null
17003,ihsn,emp,1,,,,,,Mexico,2012,,,Encuesta Nacional de Ocupación y Empleo 2012 - Trimestre II ,q,nac,,,"By: Instituto Nacional de Estadística y Geografía, INEGI","Created on: Jul 10, 2013 Last modified: Sep 14, 2013 Views: 1544","Mexico, 2012",,http://catalog.ihsn.org/index.php/catalog/2992,,,,http://catalog.ihsn.org/index.php/catalog/2992/download/45013,null
17010,ihsn,emp,1,,,,,,Mexico,2012,,,Encuesta Nacional de Ocupación y Empleo 2012 - Trimestre III ,q,nac,,,"By: Instituto Nacional de Estadística y Geografía, INEGI","Created on: Jul 10, 2013 Last modified: Sep 14, 2013 Views: 1718","Mexico, 2012",,http://catalog.ihsn.org/index.php/catalog/2991,,,,http://catalog.ihsn.org/index.php/catalog/2991/download/45000,null
17017,ihsn,emp,1,1,1,,,,Mexico,2012,,,Encuesta Nacional de Ocupación y Empleo 2012 - Trimestre IV ,q,nac,1,,"By: Instituto Nacional de Estadística y Geografía, INEGI","Created on: Jul 10, 2013 Last modified: Sep 14, 2013 Views: 1553","Mexico, 2012",,http://catalog.ihsn.org/index.php/catalog/2990,,,,http://catalog.ihsn.org/index.php/catalog/2990/download/44987,null
17187,ihsn,emp,1,,,,,,Mexico, 2005-2006,,,"Encuesta Nacional de Ocupación y Empleo 2005, I Trimestre ",q,nac,,,By: Instituto Nacional de Estadística Geografía e Informática,"Created on: May 19, 2014 Last modified: May 19, 2014 Views: 77","Mexico, 2005-2006",,http://catalog.ihsn.org/index.php/catalog/4555,,,,http://catalog.ihsn.org/index.php/catalog/4555/download/58087,http://catalog.ihsn.org/index.php/catalog/4555/download/58088
17194,ihsn,emp,1,,,,,,Mexico, 2005-2006,,,"Encuesta Nacional de Ocupación y Empleo 2005, II Trimestre ",q,nac,,,By: Instituto Nacional de Estadística Geografía e Informática,"Created on: May 19, 2014 Last modified: May 19, 2014 Views: 197","Mexico, 2005-2006",,http://catalog.ihsn.org/index.php/catalog/4556,,,,http://catalog.ihsn.org/index.php/catalog/4556/download/58097,http://catalog.ihsn.org/index.php/catalog/4556/download/58099
17201,ihsn,emp,1,,,,,,Mexico, 2005-2006,,,"Encuesta Nacional de Ocupación y Empleo 2005, III Trimestre ",q,nac,,,By: Instituto Nacional de Estadística Geografía e Informática,"Created on: May 19, 2014 Last modified: May 19, 2014 Views: 133","Mexico, 2005-2006",,http://catalog.ihsn.org/index.php/catalog/4557,,,,http://catalog.ihsn.org/index.php/catalog/4557/download/58107,http://catalog.ihsn.org/index.php/catalog/4557/download/58109
17208,ihsn,emp,1,1,1,,,,Mexico, 2005-2006,,,"Encuesta Nacional de Ocupación y Empleo 2005, IV Trimestre ",q,nac,1,,By: Instituto Nacional de Estadística Geografía e Informática,"Created on: May 19, 2014 Last modified: May 19, 2014 Views: 311","Mexico, 2005-2006",,http://catalog.ihsn.org/index.php/catalog/4558,,,,http://catalog.ihsn.org/index.php/catalog/4558/download/58117,http://catalog.ihsn.org/index.php/catalog/4558/download/58119
17145,ihsn,emp,1,1,1,,,,Mexico, 2007-2008,,,"Encuesta Nacional de Ocupación y Empleo 2008, I Trimestre ",q,nac,1,,By: Instituto Nacional de Estadística Geografía e Informática,"Created on: May 19, 2014 Last modified: May 19, 2014 Views: 92","Mexico, 2007-2008",,http://catalog.ihsn.org/index.php/catalog/4567,,,,http://catalog.ihsn.org/index.php/catalog/4567/download/58203,null
17152,ihsn,emp,1,,,,,,Mexico, 2007-2008,,,"Encuesta Nacional de Ocupación y Empleo 2008, II Trimestre ",q,nac,,,By: Instituto Nacional de Estadística Geografía e Informática,"Created on: Sep 05, 2014 Last modified: Sep 05, 2014 Views: 22","Mexico, 2007-2008",,http://catalog.ihsn.org/index.php/catalog/4697,,,,http://catalog.ihsn.org/index.php/catalog/4697/download/59277,null
2442,ihsn,inc,1,,,,,,Mexico,2002,,,Encuesta Nacional de Ingresos y Gastos de los Hogares 2002 ,a,nac,,,"By: Instituto Nacional de Estadística, Geografía e Informática (INEGI), Dirección General de Estadística (DGE)","Created on: Dec 12, 2013 Last modified: Dec 12, 2013 Views: 1175 Citations: 59 ","Mexico, 2002",,http://catalog.ihsn.org/index.php/catalog/3960,,,,http://catalog.ihsn.org/index.php/catalog/3960/download/53824,http://catalog.ihsn.org/index.php/catalog/3960/download/53825
2435,ihsn,inc,1,,,,,,Mexico,2004,,,Encuesta Nacional de Ingresos y Gastos de los Hogares 2004 ,a,nac,,,"By: Instituto Nacional de Estadística, Geografía e Informática (INEGI), Dirección General de Estadística (DGE)","Created on: Dec 12, 2013 Last modified: Dec 12, 2013 Views: 750 Citations: 44 ","Mexico, 2004",,http://catalog.ihsn.org/index.php/catalog/3961,,,,http://catalog.ihsn.org/index.php/catalog/3961/download/53835,http://catalog.ihsn.org/index.php/catalog/3961/download/53846
2428,ihsn,inc,1,,,,,,Mexico,2005,,,Encuesta Nacional de Ingresos y Gastos de los Hogares 2005 ,a,nac,,,"By: Instituto Nacional de Estadística, Geografía e Informática (INEGI), Dirección General de Estadística (DGE)","Created on: Dec 12, 2013 Last modified: Dec 12, 2013 Views: 822 Citations: 19 ","Mexico, 2005",,http://catalog.ihsn.org/index.php/catalog/3962,,,,http://catalog.ihsn.org/index.php/catalog/3962/download/53848,http://catalog.ihsn.org/index.php/catalog/3962/download/53849
2421,ihsn,inc,1,,,,,,Mexico,2006,,,Encuesta Nacional de Ingresos y Gastos de los Hogares 2006 ,a,nac,,,"By: Instituto Nacional de Estadística, Geografía e Informática (INEGI), Dirección General de Estadística (DGE)","Created on: Dec 12, 2013 Last modified: Dec 12, 2013 Views: 574 Citations: 39 ","Mexico, 2006",,http://catalog.ihsn.org/index.php/catalog/3963,,,,http://catalog.ihsn.org/index.php/catalog/3963/download/53859,http://catalog.ihsn.org/index.php/catalog/3963/download/53873
2400,ihsn,inc,1,,,,,,Mexico,2008,,,Encuesta Nacional de Ingresos y Gastos de los Hogares 2008 ,q,nac,,,"By: Instituto Nacional de Estadística y Geografía (INEGI), Dirección General de Estadísticas Sociodemográficas (DGES), Dirección General Adjunta de Encuestas Sociodemográficas y Registros Adm","Created on: Dec 12, 2013 Last modified: Dec 12, 2013 Views: 1447 Citations: 27 ","Mexico, 2008",,http://catalog.ihsn.org/index.php/catalog/3964,,,,http://catalog.ihsn.org/index.php/catalog/3964/download/53880,http://catalog.ihsn.org/index.php/catalog/3964/download/53899
2379,ihsn,inc,1,,,,,,Mexico,2010,,,Encuesta Nacional de Ingresos y Gastos de los Hogares 2010 (Tradicional) ,a,nac,,,By: Instituto Nacional de Estadística y Geografía (INEGI),"Created on: Jul 10, 2013 Last modified: Sep 14, 2013 Views: 1445 Citations: 16 ","Mexico, 2010",,http://catalog.ihsn.org/index.php/catalog/3010,,,,http://catalog.ihsn.org/index.php/catalog/3010/download/45189,http://catalog.ihsn.org/index.php/catalog/3010/download/45195
2372,ihsn,inc,1,,,,,,Mexico,2012,,,Encuesta Nacional de Ingresos y Gastos de los Hogares 2012 ,a,nac,,,"By: Instituto Nacional de Estadística y Geografía (INEGI), Dirección General de Estadísticas Sociodemográficas (DGES), Dirección General Adjunta de Encuestas Sociodemográficas y Registros Adm","Created on: Dec 12, 2013 Last modified: Dec 12, 2013 Views: 386 Citations: 5 ","Mexico, 2012",,http://catalog.ihsn.org/index.php/catalog/3971,,,,http://catalog.ihsn.org/index.php/catalog/3971/download/54023,http://catalog.ihsn.org/index.php/catalog/3971/download/54033
17447,ihsn,c,,,,,,,Mexico,1960,,,General Census of Population 1960 - IPUMS Subset ,,,,,By: Dirección General de Estadística - Secretaría de Industria y Comercio,"Created on: Sep 29, 2011 Last modified: Sep 14, 2013 Views: 3531","Mexico, 1960",,http://catalog.ihsn.org/index.php/catalog/450,,,,"http://catalog.ihsn.org/index.php/catalog/450/download/65556""","http://catalog.ihsn.org/index.php/catalog/450/download/65555"""
17440,ihsn,c,,,,,,,Mexico,1970,,,General Census of Population 1970 - IPUMS Subset ,,,,,By: Dirección General de Estadística - Secretaría de Industria y Comercio,"Created on: Sep 29, 2011 Last modified: Sep 14, 2013 Views: 156","Mexico, 1970",,http://catalog.ihsn.org/index.php/catalog/452,,,,"http://catalog.ihsn.org/index.php/catalog/452/download/65560""","http://catalog.ihsn.org/index.php/catalog/452/download/65559"""
17426,ihsn,c,,,,,,,Mexico,1990,,,General Census of Population and Housing 1990 - IPUMS Subset ,,,,,By: Instituto Nacional de Estadísticas Geografía e Informática,"Created on: Sep 29, 2011 Last modified: Sep 14, 2013 Views: 116","Mexico, 1990",,http://catalog.ihsn.org/index.php/catalog/455,,,,"http://catalog.ihsn.org/index.php/catalog/455/download/65570""","http://catalog.ihsn.org/index.php/catalog/455/download/65569"""
17419,ihsn,c,,,,,,,Mexico,1995,,,Count of Population and Housing 1995 - IPUMS Subset ,,,,,By: Instituto Nacional de Estadísticas Geografía e Informática,"Created on: Sep 29, 2011 Last modified: Sep 14, 2013 Views: 173 Citations: 1 ","Mexico, 1995",,http://catalog.ihsn.org/index.php/catalog/457,,,,"http://catalog.ihsn.org/index.php/catalog/457/download/30904""",null
17391,ihsn,c,,,,,,,Mexico,2000,,,Census of Population and Housing 2000 - IPUMS Subset ,,,,,By: Instituto Nacional de Estadísticas Geografía e Informática,"Created on: Sep 29, 2011 Last modified: Sep 14, 2013 Views: 199","Mexico, 2000",,http://catalog.ihsn.org/index.php/catalog/459,,,,"http://catalog.ihsn.org/index.php/catalog/459/download/65585""",null
17258,ihsn,c,,,,,,,Mexico,2005,,,Count of Population and Housing 2005 - IPUMS Subset ,,,,,By: Instituto Nacional de Estadísticas Geografía e Informática,"Created on: Sep 29, 2011 Last modified: Sep 14, 2013 Views: 105","Mexico, 2005",,http://catalog.ihsn.org/index.php/catalog/460,,,,"http://catalog.ihsn.org/index.php/catalog/460/download/65590""",null
17075,ihsn,c,,,,,,,Mexico,2010,,,Censo de Población y Vivienda 2010 - IPUMS Subset ,,,,,"By: Instituto Nacional de Estadística, Geografía e Informática (INEGI), Minnesota Population Center - University of Minnesota","Created on: Sep 14, 2013 Last modified: Sep 14, 2013 Views: 134","Mexico, 2010",,http://catalog.ihsn.org/index.php/catalog/3582,,,,http://catalog.ihsn.org/index.php/catalog/3582/download/65653,null
17433,ihsn,,,,,,,,Mexico,1987,,,Encuesta Nacional sobre Fecundidad y Salud 1987 ,,,,,By: Dirección General de Planificacion Familiar (DGPF) - Subsecretaría de Servicios de Salud Secretaría de Salud,"Created on: Dec 20, 2012 Last modified: Sep 14, 2013 Views: 762 Citations: 81 ","Mexico, 1987",,http://catalog.ihsn.org/index.php/catalog/2534,,,,http://catalog.ihsn.org/index.php/catalog/2534/download/38406,"/W3C//DTD XHTML 1.0 Transitional//EN"" ""http://www.w3.org/TR/x"
17384,ihsn,,,,,,,,Mexico, 2000-2001,,,"Multi Country Study Survey 2000-2001, Long version ",,,,,By: World Health Organization (WHO),"Created on: Dec 12, 2013 Last modified: Dec 12, 2013 Views: 57","Mexico, 2000-2001",,http://catalog.ihsn.org/index.php/catalog/3834,,,,null,null
3665,ihsn,,,,,,,,Mexico,2001,,,"Encuesta Sobre la Confianza del Consumidor (ENCO) 2001, Abril ",,,,,"By: Instituto Nacional de Estadística, Geografía e Informática (INEGI)","Created on: Sep 05, 2014 Last modified: Sep 05, 2014 Views: 10","Mexico, 2001",,http://catalog.ihsn.org/index.php/catalog/4974,,,,http://catalog.ihsn.org/index.php/catalog/3834/download/53174,http://catalog.ihsn.org/index.php/catalog/3834/download/53172
3672,ihsn,,,,,,,,Mexico,2001,,,"Encuesta Sobre la Confianza del Consumidor (ENCO) 2001, Agosto ",,,,,"By: Instituto Nacional de Estadística, Geografía e Informática (INEGI)","Created on: Sep 05, 2014 Last modified: Sep 05, 2014 Views: 11","Mexico, 2001",,http://catalog.ihsn.org/index.php/catalog/4978,,,,http://catalog.ihsn.org/index.php/catalog/4974/download/61379,null
3679,ihsn,,,,,,,,Mexico,2001,,,"Encuesta Sobre la Confianza del Consumidor (ENCO) 2001, Diciembre ",,,,,"By: Instituto Nacional de Estadística, Geografía e Informática (INEGI)","Created on: Sep 05, 2014 Last modified: Sep 05, 2014 Views: 13","Mexico, 2001",,http://catalog.ihsn.org/index.php/catalog/4982,,,,http://catalog.ihsn.org/index.php/catalog/4978/download/61399,null
3686,ihsn,,,,,,,,Mexico,2001,,,"Encuesta Sobre la Confianza del Consumidor (ENCO) 2001, Julio ",,,,,"By: Instituto Nacional de Estadística, Geografía e Informática (INEGI)","Created on: Sep 05, 2014 Last modified: Sep 05, 2014 Views: 11","Mexico, 2001",,http://catalog.ihsn.org/index.php/catalog/4977,,,,http://catalog.ihsn.org/index.php/catalog/4982/download/61419,null
3693,ihsn,,,,,,,,Mexico,2001,,,"Encuesta Sobre la Confianza del Consumidor (ENCO) 2001, Junio ",,,,,"By: Instituto Nacional de Estadística, Geografía e Informática (INEGI)","Created on: Sep 05, 2014 Last modified: Sep 05, 2014 Views: 12","Mexico, 2001",,http://catalog.ihsn.org/index.php/catalog/4976,,,,http://catalog.ihsn.org/index.php/catalog/4977/download/61394,null
3700,ihsn,,,,,,,,Mexico,2001,,,"Encuesta Sobre la Confianza del Consumidor (ENCO) 2001, Mayo ",,,,,"By: Instituto Nacional de Estadística, Geografía e Informática (INEGI)","Created on: Sep 05, 2014 Last modified: Sep 05, 2014 Views: 15","Mexico, 2001",,http://catalog.ihsn.org/index.php/catalog/4975,,,,http://catalog.ihsn.org/index.php/catalog/4976/download/61389,null
3707,ihsn,,,,,,,,Mexico,2001,,,"Encuesta Sobre la Confianza del Consumidor (ENCO) 2001, Noviembre ",,,,,"By: Instituto Nacional de Estadística, Geografía e Informática (INEGI)","Created on: Sep 05, 2014 Last modified: Sep 05, 2014 Views: 9","Mexico, 2001",,http://catalog.ihsn.org/index.php/catalog/4981,,,,http://catalog.ihsn.org/index.php/catalog/4975/download/61384,null
3714,ihsn,,,,,,,,Mexico,2001,,,"Encuesta Sobre la Confianza del Consumidor (ENCO) 2001, Octubre ",,,,,"By: Instituto Nacional de Estadística, Geografía e Informática (INEGI)","Created on: Sep 05, 2014 Last modified: Sep 05, 2014 Views: 12","Mexico, 2001",,http://catalog.ihsn.org/index.php/catalog/4980,,,,http://catalog.ihsn.org/index.php/catalog/4981/download/61414,null
3721,ihsn,,,,,,,,Mexico,2001,,,"Encuesta Sobre la Confianza del Consumidor (ENCO) 2001, Septiembre ",,,,,"By: Instituto Nacional de Estadística, Geografía e Informática (INEGI)","Created on: Sep 05, 2014 Last modified: Sep 05, 2014 Views: 12","Mexico, 2001",,http://catalog.ihsn.org/index.php/catalog/4979,,,,http://catalog.ihsn.org/index.php/catalog/4980/download/61409,null
3588,ihsn,,,,,,,,Mexico,2002,,,"Encuesta Sobre la Confianza del Consumidor (ENCO) 2002, Abril ",,,,,"By: Instituto Nacional de Estadística, Geografía e Informática (INEGI)","Created on: Sep 05, 2014 Last modified: Sep 05, 2014 Views: 11","Mexico, 2002",,http://catalog.ihsn.org/index.php/catalog/4986,,,,http://catalog.ihsn.org/index.php/catalog/4979/download/61404,null
3595,ihsn,,,,,,,,Mexico,2002,,,"Encuesta Sobre la Confianza del Consumidor (ENCO) 2002, Agosto ",,,,,"By: Instituto Nacional de Estadística, Geografía e Informática (INEGI)","Created on: Sep 05, 2014 Last modified: Sep 05, 2014 Views: 13","Mexico, 2002",,http://catalog.ihsn.org/index.php/catalog/4990,,,,http://catalog.ihsn.org/index.php/catalog/4986/download/61439,null
3602,ihsn,,,,,,,,Mexico,2002,,,"Encuesta Sobre la Confianza del Consumidor (ENCO) 2002, Diciembre ",,,,,"By: Instituto Nacional de Estadística, Geografía e Informática (INEGI)","Created on: Sep 05, 2014 Last modified: Sep 05, 2014 Views: 4","Mexico, 2002",,http://catalog.ihsn.org/index.php/catalog/4994,,,,http://catalog.ihsn.org/index.php/catalog/4990/download/61459,null
3609,ihsn,,,,,,,,Mexico,2002,,,"Encuesta Sobre la Confianza del Consumidor (ENCO) 2002, Enero ",,,,,"By: Instituto Nacional de Estadística, Geografía e Informática (INEGI)","Created on: Sep 05, 2014 Last modified: Sep 05, 2014 Views: 10","Mexico, 2002",,http://catalog.ihsn.org/index.php/catalog/4983,,,,http://catalog.ihsn.org/index.php/catalog/4994/download/61479,null
3616,ihsn,,,,,,,,Mexico,2002,,,"Encuesta Sobre la Confianza del Consumidor (ENCO) 2002, Julio ",,,,,"By: Instituto Nacional de Estadística, Geografía e Informática (INEGI)","Created on: Sep 05, 2014 Last modified: Sep 05, 2014 Views: 10","Mexico, 2002",,http://catalog.ihsn.org/index.php/catalog/4989,,,,http://catalog.ihsn.org/index.php/catalog/4983/download/61424,null
3623,ihsn,,,,,,,,Mexico,2002,,,"Encuesta Sobre la Confianza del Consumidor (ENCO) 2002, Junio ",,,,,"By: Instituto Nacional de Estadística, Geografía e Informática (INEGI)","Created on: Sep 05, 2014 Last modified: Sep 05, 2014 Views: 8","Mexico, 2002",,http://catalog.ihsn.org/index.php/catalog/4988,,,,http://catalog.ihsn.org/index.php/catalog/4989/download/61454,null
3630,ihsn,,,,,,,,Mexico,2002,,,"Encuesta Sobre la Confianza del Consumidor (ENCO) 2002, Marzo ",,,,,"By: Instituto Nacional de Estadística, Geografía e Informática (INEGI)","Created on: Sep 05, 2014 Last modified: Sep 05, 2014 Views: 13","Mexico, 2002",,http://catalog.ihsn.org/index.php/catalog/4985,,,,http://catalog.ihsn.org/index.php/catalog/4988/download/61449,null
3637,ihsn,,,,,,,,Mexico,2002,,,"Encuesta Sobre la Confianza del Consumidor (ENCO) 2002, Mayo ",,,,,"By: Instituto Nacional de Estadística, Geografía e Informática (INEGI)","Created on: Sep 05, 2014 Last modified: Sep 05, 2014 Views: 8","Mexico, 2002",,http://catalog.ihsn.org/index.php/catalog/4987,,,,http://catalog.ihsn.org/index.php/catalog/4985/download/61434,null
3644,ihsn,,,,,,,,Mexico,2002,,,"Encuesta Sobre la Confianza del Consumidor (ENCO) 2002, Noviembre ",,,,,"By: Instituto Nacional de Estadística, Geografía e Informática (INEGI)","Created on: Sep 05, 2014 Last modified: Sep 05, 2014 Views: 10","Mexico, 2002",,http://catalog.ihsn.org/index.php/catalog/4993,,,,http://catalog.ihsn.org/index.php/catalog/4987/download/61444,null
3651,ihsn,,,,,,,,Mexico,2002,,,"Encuesta Sobre la Confianza del Consumidor (ENCO) 2002, Octubre ",,,,,"By: Instituto Nacional de Estadística, Geografía e Informática (INEGI)","Created on: Sep 05, 2014 Last modified: Sep 05, 2014 Views: 13","Mexico, 2002",,http://catalog.ihsn.org/index.php/catalog/4992,,,,http://catalog.ihsn.org/index.php/catalog/4993/download/61474,null
3658,ihsn,,,,,,,,Mexico,2002,,,"Encuesta Sobre la Confianza del Consumidor (ENCO) 2002, Septiembre ",,,,,"By: Instituto Nacional de Estadística, Geografía e Informática (INEGI)","Created on: Sep 05, 2014 Last modified: Sep 05, 2014 Views: 12","Mexico, 2002",,http://catalog.ihsn.org/index.php/catalog/4991,,,,http://catalog.ihsn.org/index.php/catalog/4992/download/61469,null
3567,ihsn,,,,,,,,Mexico,2003,,,"Encuesta Sobre la Confianza del Consumidor (ENCO) 2003, Enero ",,,,,"By: Instituto Nacional de Estadística, Geografía e Informática (INEGI)","Created on: Sep 05, 2014 Last modified: Sep 05, 2014 Views: 16","Mexico, 2003",,http://catalog.ihsn.org/index.php/catalog/4995,,,,http://catalog.ihsn.org/index.php/catalog/4991/download/61464,null
3574,ihsn,,,,,,,,Mexico,2003,,,"Encuesta Sobre la Confianza del Consumidor (ENCO) 2003, Febrero ",,,,,"By: Instituto Nacional de Estadística, Geografía e Informática (INEGI)","Created on: Sep 05, 2014 Last modified: Sep 05, 2014 Views: 14","Mexico, 2003",,http://catalog.ihsn.org/index.php/catalog/4996,,,,http://catalog.ihsn.org/index.php/catalog/4995/download/61484,null
3581,ihsn,,,,,,,,Mexico,2003,,,"Encuesta Sobre la Confianza del Consumidor (ENCO) 2003, Marzo ",,,,,"By: Instituto Nacional de Estadística, Geografía e Informática (INEGI)","Created on: Sep 05, 2014 Last modified: Sep 05, 2014 Views: 8","Mexico, 2003",,http://catalog.ihsn.org/index.php/catalog/4997,,,,http://catalog.ihsn.org/index.php/catalog/4996/download/61490,null
4837,ihsn,,,,,,,,Mexico,2003,,,"Encuesta Sobre la Confianza del Consumidor (ENCO) 2003, Abril ",,,,,"By: Instituto Nacional de Estadística, Geografía e Informática (INEGI)","Created on: Sep 05, 2014 Last modified: Sep 05, 2014 Views: 14","Mexico, 2003",,http://catalog.ihsn.org/index.php/catalog/4998,,,,http://catalog.ihsn.org/index.php/catalog/4997/download/61496,null
4844,ihsn,,,,,,,,Mexico,2003,,,"Encuesta Sobre la Confianza del Consumidor (ENCO) 2003, Agosto ",,,,,"By: Instituto Nacional de Estadística, Geografía e Informática (INEGI)","Created on: Sep 05, 2014 Last modified: Sep 05, 2014 Views: 3","Mexico, 2003",,http://catalog.ihsn.org/index.php/catalog/5002,,,,http://catalog.ihsn.org/index.php/catalog/4998/download/61502,null
4851,ihsn,,,,,,,,Mexico,2003,,,"Encuesta Sobre la Confianza del Consumidor (ENCO) 2003, Diciembre ",,,,,"By: Instituto Nacional de Estadística, Geografía e Informática (INEGI)","Created on: Sep 05, 2014 Last modified: Sep 05, 2014 Views: 11","Mexico, 2003",,http://catalog.ihsn.org/index.php/catalog/5006,,,,http://catalog.ihsn.org/index.php/catalog/5002/download/61526,null
4858,ihsn,,,,,,,,Mexico,2003,,,"Encuesta Sobre la Confianza del Consumidor (ENCO) 2003, Julio ",,,,,"By: Instituto Nacional de Estadística, Geografía e Informática (INEGI)","Created on: Sep 05, 2014 Last modified: Sep 05, 2014 Views: 8","Mexico, 2003",,http://catalog.ihsn.org/index.php/catalog/5001,,,,http://catalog.ihsn.org/index.php/catalog/5006/download/61550,null
4865,ihsn,,,,,,,,Mexico,2003,,,"Encuesta Sobre la Confianza del Consumidor (ENCO) 2003, Junio ",,,,,"By: Instituto Nacional de Estadística, Geografía e Informática (INEGI)","Created on: Sep 05, 2014 Last modified: Sep 05, 2014 Views: 8","Mexico, 2003",,http://catalog.ihsn.org/index.php/catalog/5000,,,,http://catalog.ihsn.org/index.php/catalog/5001/download/61520,null
4872,ihsn,,,,,,,,Mexico,2003,,,"Encuesta Sobre la Confianza del Consumidor (ENCO) 2003, Mayo ",,,,,"By: Instituto Nacional de Estadística, Geografía e Informática (INEGI)","Created on: Sep 05, 2014 Last modified: Sep 05, 2014 Views: 11","Mexico, 2003",,http://catalog.ihsn.org/index.php/catalog/4999,,,,http://catalog.ihsn.org/index.php/catalog/5000/download/61514,null
4879,ihsn,,,,,,,,Mexico,2003,,,"Encuesta Sobre la Confianza del Consumidor (ENCO) 2003, Noviembre ",,,,,"By: Instituto Nacional de Estadística, Geografía e Informática (INEGI)","Created on: Sep 05, 2014 Last modified: Sep 05, 2014 Views: 12","Mexico, 2003",,http://catalog.ihsn.org/index.php/catalog/5005,,,,http://catalog.ihsn.org/index.php/catalog/4999/download/61508,null
4886,ihsn,,,,,,,,Mexico,2003,,,"Encuesta Sobre la Confianza del Consumidor (ENCO) 2003, Octubre ",,,,,"By: Instituto Nacional de Estadística, Geografía e Informática (INEGI)","Created on: Sep 05, 2014 Last modified: Sep 05, 2014 Views: 13","Mexico, 2003",,http://catalog.ihsn.org/index.php/catalog/5004,,,,http://catalog.ihsn.org/index.php/catalog/5005/download/61544,null
4893,ihsn,,,,,,,,Mexico,2003,,,"Encuesta Sobre la Confianza del Consumidor (ENCO) 2003, Septiembre ",,,,,"By: Instituto Nacional de Estadística, Geografía e Informática (INEGI)","Created on: Sep 05, 2014 Last modified: Sep 05, 2014 Views: 14","Mexico, 2003",,http://catalog.ihsn.org/index.php/catalog/5003,,,,http://catalog.ihsn.org/index.php/catalog/5004/download/61538,null
17321,ihsn,,,,,,,,Mexico,2003,,,"World Health Survey 2003, Wave 0 ",,,,,By: World Health Organization (WHO),"Created on: May 02, 2012 Last modified: Dec 12, 2013 Views: 4789 Citations: 3 ","Mexico, 2003",,http://catalog.ihsn.org/index.php/catalog/2240,,,,http://catalog.ihsn.org/index.php/catalog/5003/download/61532,null
4753,ihsn,,,,,,,,Mexico,2004,,,"Encuesta Sobre la Confianza del Consumidor (ENCO) 2004, Abril ",,,,,"By: Instituto Nacional de Estadística, Geografía e Informática (INEGI)","Created on: Sep 05, 2014 Last modified: Sep 05, 2014 Views: 10","Mexico, 2004",,http://catalog.ihsn.org/index.php/catalog/5010,,,,"/W3C//DTD XHTML 1.0 Transitional//EN"" ""http://www.w3.org/TR/x","/W3C//DTD XHTML 1.0 Transitional//EN"" ""http://www.w3.org/TR/x"
4760,ihsn,,,,,,,,Mexico,2004,,,"Encuesta Sobre la Confianza del Consumidor (ENCO) 2004, Agosto ",,,,,"By: Instituto Nacional de Estadística, Geografía e Informática (INEGI)","Created on: Sep 05, 2014 Last modified: Sep 05, 2014 Views: 15","Mexico, 2004",,http://catalog.ihsn.org/index.php/catalog/5014,,,,http://catalog.ihsn.org/index.php/catalog/5010/download/61574,null
4767,ihsn,,,,,,,,Mexico,2004,,,"Encuesta Sobre la Confianza del Consumidor (ENCO) 2004, Diciembre ",,,,,"By: Instituto Nacional de Estadística, Geografía e Informática (INEGI)","Created on: Sep 05, 2014 Last modified: Sep 05, 2014 Views: 9","Mexico, 2004",,http://catalog.ihsn.org/index.php/catalog/5018,,,,http://catalog.ihsn.org/index.php/catalog/5014/download/61598,null
4774,ihsn,,,,,,,,Mexico,2004,,,"Encuesta Sobre la Confianza del Consumidor (ENCO) 2004, Enero ",,,,,"By: Instituto Nacional de Estadística, Geografía e Informática (INEGI)","Created on: Sep 05, 2014 Last modified: Sep 05, 2014 Views: 10","Mexico, 2004",,http://catalog.ihsn.org/index.php/catalog/5007,,,,http://catalog.ihsn.org/index.php/catalog/5018/download/61622,null
4781,ihsn,,,,,,,,Mexico,2004,,,"Encuesta Sobre la Confianza del Consumidor (ENCO) 2004, Febrero ",,,,,"By: Instituto Nacional de Estadística, Geografía e Informática (INEGI)","Created on: Sep 05, 2014 Last modified: Sep 05, 2014 Views: 9","Mexico, 2004",,http://catalog.ihsn.org/index.php/catalog/5008,,,,http://catalog.ihsn.org/index.php/catalog/5007/download/61556,null
4788,ihsn,,,,,,,,Mexico,2004,,,"Encuesta Sobre la Confianza del Consumidor (ENCO) 2004, Julio ",,,,,"By: Instituto Nacional de Estadística, Geografía e Informática (INEGI)","Created on: Sep 05, 2014 Last modified: Sep 05, 2014 Views: 4","Mexico, 2004",,http://catalog.ihsn.org/index.php/catalog/5013,,,,http://catalog.ihsn.org/index.php/catalog/5008/download/61562,null
4795,ihsn,,,,,,,,Mexico,2004,,,"Encuesta Sobre la Confianza del Consumidor (ENCO) 2004, Junio ",,,,,"By: Instituto Nacional de Estadística, Geografía e Informática (INEGI)","Created on: Sep 05, 2014 Last modified: Sep 05, 2014 Views: 8","Mexico, 2004",,http://catalog.ihsn.org/index.php/catalog/5012,,,,http://catalog.ihsn.org/index.php/catalog/5013/download/61592,null
4802,ihsn,,,,,,,,Mexico,2004,,,"Encuesta Sobre la Confianza del Consumidor (ENCO) 2004, Marzo ",,,,,"By: Instituto Nacional de Estadística, Geografía e Informática (INEGI)","Created on: Sep 05, 2014 Last modified: Sep 05, 2014 Views: 13","Mexico, 2004",,http://catalog.ihsn.org/index.php/catalog/5009,,,,http://catalog.ihsn.org/index.php/catalog/5012/download/61586,null
4809,ihsn,,,,,,,,Mexico,2004,,,"Encuesta Sobre la Confianza del Consumidor (ENCO) 2004, Mayo ",,,,,"By: Instituto Nacional de Estadística, Geografía e Informática (INEGI)","Created on: Sep 05, 2014 Last modified: Sep 05, 2014 Views: 16","Mexico, 2004",,http://catalog.ihsn.org/index.php/catalog/5011,,,,http://catalog.ihsn.org/index.php/catalog/5009/download/61568,null
4816,ihsn,,,,,,,,Mexico,2004,,,"Encuesta Sobre la Confianza del Consumidor (ENCO) 2004, Noviembre ",,,,,"By: Instituto Nacional de Estadística, Geografía e Informática (INEGI)","Created on: Sep 05, 2014 Last modified: Sep 05, 2014 Views: 13","Mexico, 2004",,http://catalog.ihsn.org/index.php/catalog/5017,,,,http://catalog.ihsn.org/index.php/catalog/5011/download/61580,null
4823,ihsn,,,,,,,,Mexico,2004,,,"Encuesta Sobre la Confianza del Consumidor (ENCO) 2004, Octubre ",,,,,"By: Instituto Nacional de Estadística, Geografía e Informática (INEGI)","Created on: Sep 05, 2014 Last modified: Sep 05, 2014 Views: 12","Mexico, 2004",,http://catalog.ihsn.org/index.php/catalog/5016,,,,http://catalog.ihsn.org/index.php/catalog/5017/download/61616,null
4830,ihsn,,,,,,,,Mexico,2004,,,"Encuesta Sobre la Confianza del Consumidor (ENCO) 2004, Septiembre ",,,,,"By: Instituto Nacional de Estadística, Geografía e Informática (INEGI)","Created on: Sep 05, 2014 Last modified: Sep 05, 2014 Views: 13","Mexico, 2004",,http://catalog.ihsn.org/index.php/catalog/5015,,,,http://catalog.ihsn.org/index.php/catalog/5016/download/61610,null
4669,ihsn,,,,,,,,Mexico,2005,,,"Encuesta Sobre la Confianza del Consumidor (ENCO) 2005, Abril ",,,,,"By: Instituto Nacional de Estadística, Geografía e Informática (INEGI)","Created on: Sep 05, 2014 Last modified: Sep 05, 2014 Views: 13","Mexico, 2005",,http://catalog.ihsn.org/index.php/catalog/5022,,,,http://catalog.ihsn.org/index.php/catalog/5015/download/61604,null
4676,ihsn,,,,,,,,Mexico,2005,,,"Encuesta Sobre la Confianza del Consumidor (ENCO) 2005, Agosto ",,,,,"By: Instituto Nacional de Estadística, Geografía e Informática (INEGI)","Created on: Sep 05, 2014 Last modified: Sep 05, 2014 Views: 9","Mexico, 2005",,http://catalog.ihsn.org/index.php/catalog/5026,,,,http://catalog.ihsn.org/index.php/catalog/5022/download/61646,null
4683,ihsn,,,,,,,,Mexico,2005,,,"Encuesta Sobre la Confianza del Consumidor (ENCO) 2005, Diciembre ",,,,,"By: Instituto Nacional de Estadística, Geografía e Informática (INEGI)","Created on: Sep 05, 2014 Last modified: Sep 05, 2014 Views: 12","Mexico, 2005",,http://catalog.ihsn.org/index.php/catalog/5030,,,,http://catalog.ihsn.org/index.php/catalog/5026/download/61670,null
4690,ihsn,,,,,,,,Mexico,2005,,,"Encuesta Sobre la Confianza del Consumidor (ENCO) 2005, Enero ",,,,,"By: Instituto Nacional de Estadística, Geografía e Informática (INEGI)","Created on: Sep 05, 2014 Last modified: Sep 05, 2014 Views: 10","Mexico, 2005",,http://catalog.ihsn.org/index.php/catalog/5019,,,,http://catalog.ihsn.org/index.php/catalog/5030/download/61694,null
4697,ihsn,,,,,,,,Mexico,2005,,,"Encuesta Sobre la Confianza del Consumidor (ENCO) 2005, Febrero ",,,,,"By: Instituto Nacional de Estadística, Geografía e Informática (INEGI)","Created on: Sep 05, 2014 Last modified: Sep 05, 2014 Views: 7","Mexico, 2005",,http://catalog.ihsn.org/index.php/catalog/5020,,,,http://catalog.ihsn.org/index.php/catalog/5019/download/61628,null
4704,ihsn,,,,,,,,Mexico,2005,,,"Encuesta Sobre la Confianza del Consumidor (ENCO) 2005, Julio ",,,,,"By: Instituto Nacional de Estadística, Geografía e Informática (INEGI)","Created on: Sep 05, 2014 Last modified: Sep 05, 2014 Views: 8","Mexico, 2005",,http://catalog.ihsn.org/index.php/catalog/5025,,,,http://catalog.ihsn.org/index.php/catalog/5020/download/61634,null
4711,ihsn,,,,,,,,Mexico,2005,,,"Encuesta Sobre la Confianza del Consumidor (ENCO) 2005, Junio ",,,,,"By: Instituto Nacional de Estadística, Geografía e Informática (INEGI)","Created on: Sep 05, 2014 Last modified: Sep 05, 2014 Views: 3","Mexico, 2005",,http://catalog.ihsn.org/index.php/catalog/5024,,,,http://catalog.ihsn.org/index.php/catalog/5025/download/61664,null
4718,ihsn,,,,,,,,Mexico,2005,,,"Encuesta Sobre la Confianza del Consumidor (ENCO) 2005, Marzo ",,,,,"By: Instituto Nacional de Estadística, Geografía e Informática (INEGI)","Created on: Sep 05, 2014 Last modified: Sep 05, 2014 Views: 12","Mexico, 2005",,http://catalog.ihsn.org/index.php/catalog/5021,,,,http://catalog.ihsn.org/index.php/catalog/5024/download/61658,null
4725,ihsn,,,,,,,,Mexico,2005,,,"Encuesta Sobre la Confianza del Consumidor (ENCO) 2005, Mayo ",,,,,"By: Instituto Nacional de Estadística, Geografía e Informática (INEGI)","Created on: Sep 05, 2014 Last modified: Sep 05, 2014 Views: 12","Mexico, 2005",,http://catalog.ihsn.org/index.php/catalog/5023,,,,http://catalog.ihsn.org/index.php/catalog/5021/download/61640,null
4732,ihsn,,,,,,,,Mexico,2005,,,"Encuesta Sobre la Confianza del Consumidor (ENCO) 2005, Noviembre ",,,,,"By: Instituto Nacional de Estadística, Geografía e Informática (INEGI)","Created on: Sep 05, 2014 Last modified: Sep 05, 2014 Views: 14","Mexico, 2005",,http://catalog.ihsn.org/index.php/catalog/5029,,,,http://catalog.ihsn.org/index.php/catalog/5023/download/61652,null
4739,ihsn,,,,,,,,Mexico,2005,,,"Encuesta Sobre la Confianza del Consumidor (ENCO) 2005, Octubre ",,,,,"By: Instituto Nacional de Estadística, Geografía e Informática (INEGI)","Created on: Sep 05, 2014 Last modified: Sep 05, 2014 Views: 11","Mexico, 2005",,http://catalog.ihsn.org/index.php/catalog/5028,,,,http://catalog.ihsn.org/index.php/catalog/5029/download/61688,null
4746,ihsn,,,,,,,,Mexico,2005,,,"Encuesta Sobre la Confianza del Consumidor (ENCO) 2005, Septiembre ",,,,,"By: Instituto Nacional de Estadística, Geografía e Informática (INEGI)","Created on: Sep 05, 2014 Last modified: Sep 05, 2014 Views: 9","Mexico, 2005",,http://catalog.ihsn.org/index.php/catalog/5027,,,,http://catalog.ihsn.org/index.php/catalog/5028/download/61682,null
17250,ihsn,,,,,,,,Mexico, 2005-2006,,,Experimental Evidence on Returns to Capital and Access to Finance 2005 ,,,,,By: David McKenzie - World Bank,,"Mexico, 2005-2006",,http://catalog.ihsn.org/index.php/catalog/4795,,,,http://catalog.ihsn.org/index.php/catalog/5027/download/61676,null
4585,ihsn,,,,,,,,Mexico,2006,,,"Encuesta Sobre la Confianza del Consumidor (ENCO) 2006, Abril ",,,,,"By: Instituto Nacional de Estadística, Geografía e Informática (INEGI)","Created on: Sep 05, 2014 Last modified: Sep 05, 2014 Views: 13","Mexico, 2006",,http://catalog.ihsn.org/index.php/catalog/5033,,,,http://catalog.ihsn.org/index.php/catalog/4795/download/60361,http://catalog.ihsn.org/index.php/catalog/4795/download/60371
4592,ihsn,,,,,,,,Mexico,2006,,,"Encuesta Sobre la Confianza del Consumidor (ENCO) 2006, Agosto ",,,,,"By: Instituto Nacional de Estadística, Geografía e Informática (INEGI)","Created on: Sep 05, 2014 Last modified: Sep 05, 2014 Views: 9","Mexico, 2006",,http://catalog.ihsn.org/index.php/catalog/5037,,,,null,null
4599,ihsn,,,,,,,,Mexico,2006,,,"Encuesta Sobre la Confianza del Consumidor (ENCO) 2006, Diciembre ",,,,,"By: Instituto Nacional de Estadística, Geografía e Informática (INEGI)","Created on: Sep 05, 2014 Last modified: Sep 05, 2014 Views: 8","Mexico, 2006",,http://catalog.ihsn.org/index.php/catalog/5041,,,,http://catalog.ihsn.org/index.php/catalog/5033/download/61712,null
4606,ihsn,,,,,,,,Mexico,2006,,,"Encuesta Sobre la Confianza del Consumidor (ENCO) 2006, Enero ",,,,,"By: Instituto Nacional de Estadística, Geografía e Informática (INEGI)","Created on: Sep 05, 2014 Last modified: Sep 05, 2014 Views: 13","Mexico, 2006",,http://catalog.ihsn.org/index.php/catalog/4946,,,,http://catalog.ihsn.org/index.php/catalog/5037/download/61736,null
4613,ihsn,,,,,,,,Mexico,2006,,,"Encuesta Sobre la Confianza del Consumidor (ENCO) 2006, Febrero ",,,,,"By: Instituto Nacional de Estadística, Geografía e Informática (INEGI)","Created on: Sep 05, 2014 Last modified: Sep 05, 2014 Views: 2","Mexico, 2006",,http://catalog.ihsn.org/index.php/catalog/5031,,,,http://catalog.ihsn.org/index.php/catalog/5041/download/61760,null
4620,ihsn,,,,,,,,Mexico,2006,,,"Encuesta Sobre la Confianza del Consumidor (ENCO) 2006, Julio ",,,,,"By: Instituto Nacional de Estadística, Geografía e Informática (INEGI)","Created on: Sep 05, 2014 Last modified: Sep 05, 2014 Views: 12","Mexico, 2006",,http://catalog.ihsn.org/index.php/catalog/5036,,,,http://catalog.ihsn.org/index.php/catalog/4946/download/61189,null
4627,ihsn,,,,,,,,Mexico,2006,,,"Encuesta Sobre la Confianza del Consumidor (ENCO) 2006, Junio ",,,,,"By: Instituto Nacional de Estadística, Geografía e Informática (INEGI)","Created on: Sep 05, 2014 Last modified: Sep 05, 2014 Views: 4","Mexico, 2006",,http://catalog.ihsn.org/index.php/catalog/5035,,,,http://catalog.ihsn.org/index.php/catalog/5031/download/61700,null
4634,ihsn,,,,,,,,Mexico,2006,,,"Encuesta Sobre la Confianza del Consumidor (ENCO) 2006, Marzo ",,,,,"By: Instituto Nacional de Estadística, Geografía e Informática (INEGI)","Created on: Sep 05, 2014 Last modified: Sep 05, 2014 Views: 13","Mexico, 2006",,http://catalog.ihsn.org/index.php/catalog/5032,,,,http://catalog.ihsn.org/index.php/catalog/5036/download/61730,null
4641,ihsn,,,,,,,,Mexico,2006,,,"Encuesta Sobre la Confianza del Consumidor (ENCO) 2006, Mayo ",,,,,"By: Instituto Nacional de Estadística, Geografía e Informática (INEGI)","Created on: Sep 05, 2014 Last modified: Sep 05, 2014 Views: 11","Mexico, 2006",,http://catalog.ihsn.org/index.php/catalog/5034,,,,http://catalog.ihsn.org/index.php/catalog/5035/download/61724,null
4648,ihsn,,,,,,,,Mexico,2006,,,"Encuesta Sobre la Confianza del Consumidor (ENCO) 2006, Noviembre ",,,,,"By: Instituto Nacional de Estadística, Geografía e Informática (INEGI)","Created on: Sep 05, 2014 Last modified: Sep 05, 2014 Views: 10","Mexico, 2006",,http://catalog.ihsn.org/index.php/catalog/5040,,,,http://catalog.ihsn.org/index.php/catalog/5032/download/61706,null
4655,ihsn,,,,,,,,Mexico,2006,,,"Encuesta Sobre la Confianza del Consumidor (ENCO) 2006, Octubre ",,,,,"By: Instituto Nacional de Estadística, Geografía e Informática (INEGI)","Created on: Sep 05, 2014 Last modified: Sep 05, 2014 Views: 13","Mexico, 2006",,http://catalog.ihsn.org/index.php/catalog/5039,,,,http://catalog.ihsn.org/index.php/catalog/5034/download/61718,null
4662,ihsn,,,,,,,,Mexico,2006,,,"Encuesta Sobre la Confianza del Consumidor (ENCO) 2006, Septiembre ",,,,,"By: Instituto Nacional de Estadística, Geografía e Informática (INEGI)","Created on: Sep 05, 2014 Last modified: Sep 05, 2014 Views: 13","Mexico, 2006",,http://catalog.ihsn.org/index.php/catalog/5038,,,,http://catalog.ihsn.org/index.php/catalog/5040/download/61754,null
17243,ihsn,,,,,,,,Mexico,2006,,,Enterprise Survey 2006 ,,,,,By: World Bank,"Created on: Sep 29, 2011 Last modified: Sep 14, 2013 Views: 192","Mexico, 2006",,http://catalog.ihsn.org/index.php/catalog/684,,,,http://catalog.ihsn.org/index.php/catalog/5039/download/61748,null
2414,ihsn,,,,,,,,Mexico,2007,,,"Impact Evaluation of Parental Empowerment Program 2007, Baseline Survey ",,,,,"By: Harry Anthony Patrinos - World Bank, National Council for Educational Development (CONAFE) - Secretariat of Public Education, Mexico","Created on: Dec 20, 2012 Last modified: Sep 14, 2013 Views: 28","Mexico, 2007",,http://catalog.ihsn.org/index.php/catalog/2338,,,,http://catalog.ihsn.org/index.php/catalog/5038/download/61742,null
4501,ihsn,,,,,,,,Mexico,2007,,,"Encuesta Sobre la Confianza del Consumidor (ENCO) 2007, Abril ",,,,,"By: Instituto Nacional de Estadística, Geografía e Informática (INEGI)","Created on: Sep 05, 2014 Last modified: Sep 05, 2014 Views: 11","Mexico, 2007",,http://catalog.ihsn.org/index.php/catalog/5045,,,,"http://catalog.ihsn.org/index.php/catalog/684/download/31702""","http://catalog.ihsn.org/index.php/catalog/684/download/31707"""
4508,ihsn,,,,,,,,Mexico,2007,,,"Encuesta Sobre la Confianza del Consumidor (ENCO) 2007, Agosto ",,,,,"By: Instituto Nacional de Estadística, Geografía e Informática (INEGI)","Created on: Sep 05, 2014 Last modified: Sep 05, 2014 Views: 10","Mexico, 2007",,http://catalog.ihsn.org/index.php/catalog/5049,,,,null,null
4515,ihsn,,,,,,,,Mexico,2007,,,"Encuesta Sobre la Confianza del Consumidor (ENCO) 2007, Diciembre ",,,,,"By: Instituto Nacional de Estadística, Geografía e Informática (INEGI)","Created on: Sep 05, 2014 Last modified: Sep 05, 2014 Views: 9","Mexico, 2007",,http://catalog.ihsn.org/index.php/catalog/5053,,,,http://catalog.ihsn.org/index.php/catalog/2338/download/37180,http://catalog.ihsn.org/index.php/catalog/2338/download/37187
4522,ihsn,,,,,,,,Mexico,2007,,,"Encuesta Sobre la Confianza del Consumidor (ENCO) 2007, Enero ",,,,,"By: Instituto Nacional de Estadística, Geografía e Informática (INEGI)","Created on: Sep 05, 2014 Last modified: Sep 05, 2014 Views: 9","Mexico, 2007",,http://catalog.ihsn.org/index.php/catalog/5042,,,,http://catalog.ihsn.org/index.php/catalog/5045/download/61784,null
4529,ihsn,,,,,,,,Mexico,2007,,,"Encuesta Sobre la Confianza del Consumidor (ENCO) 2007, Febrero ",,,,,"By: Instituto Nacional de Estadística, Geografía e Informática (INEGI)","Created on: Sep 05, 2014 Last modified: Sep 05, 2014 Views: 12","Mexico, 2007",,http://catalog.ihsn.org/index.php/catalog/5043,,,,http://catalog.ihsn.org/index.php/catalog/5049/download/61808,null
4536,ihsn,,,,,,,,Mexico,2007,,,"Encuesta Sobre la Confianza del Consumidor (ENCO) 2007, Julio ",,,,,"By: Instituto Nacional de Estadística, Geografía e Informática (INEGI)","Created on: Sep 05, 2014 Last modified: Sep 05, 2014 Views: 13","Mexico, 2007",,http://catalog.ihsn.org/index.php/catalog/5048,,,,http://catalog.ihsn.org/index.php/catalog/5053/download/61832,null
4543,ihsn,,,,,,,,Mexico,2007,,,"Encuesta Sobre la Confianza del Consumidor (ENCO) 2007, Junio ",,,,,"By: Instituto Nacional de Estadística, Geografía e Informática (INEGI)","Created on: Sep 05, 2014 Last modified: Sep 05, 2014 Views: 11","Mexico, 2007",,http://catalog.ihsn.org/index.php/catalog/5047,,,,http://catalog.ihsn.org/index.php/catalog/5042/download/61766,null
4550,ihsn,,,,,,,,Mexico,2007,,,"Encuesta Sobre la Confianza del Consumidor (ENCO) 2007, Marzo ",,,,,"By: Instituto Nacional de Estadística, Geografía e Informática (INEGI)","Created on: Sep 05, 2014 Last modified: Sep 05, 2014 Views: 12","Mexico, 2007",,http://catalog.ihsn.org/index.php/catalog/5044,,,,http://catalog.ihsn.org/index.php/catalog/5043/download/61772,null
4557,ihsn,,,,,,,,Mexico,2007,,,"Encuesta Sobre la Confianza del Consumidor (ENCO) 2007, Mayo ",,,,,"By: Instituto Nacional de Estadística, Geografía e Informática (INEGI)","Created on: Sep 05, 2014 Last modified: Sep 05, 2014 Views: 5","Mexico, 2007",,http://catalog.ihsn.org/index.php/catalog/5046,,,,http://catalog.ihsn.org/index.php/catalog/5048/download/61802,null
4564,ihsn,,,,,,,,Mexico,2007,,,"Encuesta Sobre la Confianza del Consumidor (ENCO) 2007, Noviembre ",,,,,"By: Instituto Nacional de Estadística, Geografía e Informática (INEGI)","Created on: Sep 05, 2014 Last modified: Sep 05, 2014 Views: 9","Mexico, 2007",,http://catalog.ihsn.org/index.php/catalog/5052,,,,http://catalog.ihsn.org/index.php/catalog/5047/download/61796,null
4571,ihsn,,,,,,,,Mexico,2007,,,"Encuesta Sobre la Confianza del Consumidor (ENCO) 2007, Octubre ",,,,,"By: Instituto Nacional de Estadística, Geografía e Informática (INEGI)","Created on: Sep 05, 2014 Last modified: Sep 05, 2014 Views: 14","Mexico, 2007",,http://catalog.ihsn.org/index.php/catalog/5051,,,,http://catalog.ihsn.org/index.php/catalog/5044/download/61778,null
4578,ihsn,,,,,,,,Mexico,2007,,,"Encuesta Sobre la Confianza del Consumidor (ENCO) 2007, Septiembre ",,,,,"By: Instituto Nacional de Estadística, Geografía e Informática (INEGI)","Created on: Sep 05, 2014 Last modified: Sep 05, 2014 Views: 14","Mexico, 2007",,http://catalog.ihsn.org/index.php/catalog/5050,,,,http://catalog.ihsn.org/index.php/catalog/5046/download/61790,null
2407,ihsn,,,,,,,,Mexico,2008,,,"Impact Evaluation of Parental Empowerment Program 2008, First Follow-up Survey ",,,,,"By: Harry Anthony Patrinos - World Bank, National Council for Educational Development (CONAFE) - Secretariat of Public Education, Mexico","Created on: Dec 20, 2012 Last modified: Sep 14, 2013 Views: 23","Mexico, 2008",,http://catalog.ihsn.org/index.php/catalog/2339,,,,http://catalog.ihsn.org/index.php/catalog/5052/download/61826,null
4417,ihsn,,,,,,,,Mexico,2008,,,"Encuesta Sobre la Confianza del Consumidor (ENCO) 2008, Abril ",,,,,"By: Instituto Nacional de Estadística, Geografía e Informática (INEGI)","Created on: Sep 05, 2014 Last modified: Sep 05, 2014 Views: 4","Mexico, 2008",,http://catalog.ihsn.org/index.php/catalog/5057,,,,http://catalog.ihsn.org/index.php/catalog/5051/download/61820,null
4424,ihsn,,,,,,,,Mexico,2008,,,"Encuesta Sobre la Confianza del Consumidor (ENCO) 2008, Agosto ",,,,,"By: Instituto Nacional de Estadística, Geografía e Informática (INEGI)","Created on: Sep 05, 2014 Last modified: Sep 05, 2014 Views: 11","Mexico, 2008",,http://catalog.ihsn.org/index.php/catalog/5061,,,,http://catalog.ihsn.org/index.php/catalog/5050/download/61814,null
4431,ihsn,,,,,,,,Mexico,2008,,,"Encuesta Sobre la Confianza del Consumidor (ENCO) 2008, Diciembre ",,,,,"By: Instituto Nacional de Estadística, Geografía e Informática (INEGI)","Created on: Sep 05, 2014 Last modified: Sep 05, 2014 Views: 13","Mexico, 2008",,http://catalog.ihsn.org/index.php/catalog/5065,,,,http://catalog.ihsn.org/index.php/catalog/2339/download/37190,http://catalog.ihsn.org/index.php/catalog/2339/download/37197
4438,ihsn,,,,,,,,Mexico,2008,,,"Encuesta Sobre la Confianza del Consumidor (ENCO) 2008, Enero ",,,,,"By: Instituto Nacional de Estadística, Geografía e Informática (INEGI)","Created on: Sep 05, 2014 Last modified: Sep 05, 2014 Views: 9","Mexico, 2008",,http://catalog.ihsn.org/index.php/catalog/5054,,,,http://catalog.ihsn.org/index.php/catalog/5057/download/61856,null
4445,ihsn,,,,,,,,Mexico,2008,,,"Encuesta Sobre la Confianza del Consumidor (ENCO) 2008, Febrero ",,,,,"By: Instituto Nacional de Estadística, Geografía e Informática (INEGI)","Created on: Sep 05, 2014 Last modified: Sep 05, 2014 Views: 10","Mexico, 2008",,http://catalog.ihsn.org/index.php/catalog/5055,,,,http://catalog.ihsn.org/index.php/catalog/5061/download/61880,null
4452,ihsn,,,,,,,,Mexico,2008,,,"Encuesta Sobre la Confianza del Consumidor (ENCO) 2008, Julio ",,,,,"By: Instituto Nacional de Estadística, Geografía e Informática (INEGI)","Created on: Sep 05, 2014 Last modified: Sep 05, 2014 Views: 7","Mexico, 2008",,http://catalog.ihsn.org/index.php/catalog/5060,,,,http://catalog.ihsn.org/index.php/catalog/5065/download/61904,null
4459,ihsn,,,,,,,,Mexico,2008,,,"Encuesta Sobre la Confianza del Consumidor (ENCO) 2008, Junio ",,,,,"By: Instituto Nacional de Estadística, Geografía e Informática (INEGI)","Created on: Sep 05, 2014 Last modified: Sep 05, 2014 Views: 9","Mexico, 2008",,http://catalog.ihsn.org/index.php/catalog/5059,,,,http://catalog.ihsn.org/index.php/catalog/5054/download/61838,null
4466,ihsn,,,,,,,,Mexico,2008,,,"Encuesta Sobre la Confianza del Consumidor (ENCO) 2008, Marzo ",,,,,"By: Instituto Nacional de Estadística, Geografía e Informática (INEGI)","Created on: Sep 05, 2014 Last modified: Sep 05, 2014 Views: 13","Mexico, 2008",,http://catalog.ihsn.org/index.php/catalog/5056,,,,http://catalog.ihsn.org/index.php/catalog/5055/download/61844,null
4473,ihsn,,,,,,,,Mexico,2008,,,"Encuesta Sobre la Confianza del Consumidor (ENCO) 2008, Mayo ",,,,,"By: Instituto Nacional de Estadística, Geografía e Informática (INEGI)","Created on: Sep 05, 2014 Last modified: Sep 05, 2014 Views: 10","Mexico, 2008",,http://catalog.ihsn.org/index.php/catalog/5058,,,,http://catalog.ihsn.org/index.php/catalog/5060/download/61874,null
4480,ihsn,,,,,,,,Mexico,2008,,,"Encuesta Sobre la Confianza del Consumidor (ENCO) 2008, Noviembre ",,,,,"By: Instituto Nacional de Estadística, Geografía e Informática (INEGI)","Created on: Sep 05, 2014 Last modified: Sep 05, 2014 Views: 15","Mexico, 2008",,http://catalog.ihsn.org/index.php/catalog/5064,,,,http://catalog.ihsn.org/index.php/catalog/5059/download/61868,null
4487,ihsn,,,,,,,,Mexico,2008,,,"Encuesta Sobre la Confianza del Consumidor (ENCO) 2008, Octubre ",,,,,"By: Instituto Nacional de Estadística, Geografía e Informática (INEGI)","Created on: Sep 05, 2014 Last modified: Sep 05, 2014 Views: 13","Mexico, 2008",,http://catalog.ihsn.org/index.php/catalog/5063,,,,http://catalog.ihsn.org/index.php/catalog/5056/download/61850,null
4494,ihsn,,,,,,,,Mexico,2008,,,"Encuesta Sobre la Confianza del Consumidor (ENCO) 2008, Septiembre ",,,,,"By: Instituto Nacional de Estadística, Geografía e Informática (INEGI)","Created on: Sep 05, 2014 Last modified: Sep 05, 2014 Views: 8","Mexico, 2008",,http://catalog.ihsn.org/index.php/catalog/5062,,,,http://catalog.ihsn.org/index.php/catalog/5058/download/61862,null
4333,ihsn,,,,,,,,Mexico,2009,,,"Encuesta Sobre la Confianza del Consumidor (ENCO) 2009, Abril ",,,,,"By: Instituto Nacional de Estadística, Geografía e Informática (INEGI)","Created on: Sep 05, 2014 Last modified: Sep 05, 2014 Views: 10","Mexico, 2009",,http://catalog.ihsn.org/index.php/catalog/5069,,,,http://catalog.ihsn.org/index.php/catalog/5064/download/61898,null
4340,ihsn,,,,,,,,Mexico,2009,,,"Encuesta Sobre la Confianza del Consumidor (ENCO) 2009, Agosto ",,,,,"By: Instituto Nacional de Estadística, Geografía e Informática (INEGI)","Created on: Sep 05, 2014 Last modified: Sep 05, 2014 Views: 11","Mexico, 2009",,http://catalog.ihsn.org/index.php/catalog/5073,,,,http://catalog.ihsn.org/index.php/catalog/5063/download/61892,null
4347,ihsn,,,,,,,,Mexico,2009,,,"Encuesta Sobre la Confianza del Consumidor (ENCO) 2009, Diciembre ",,,,,"By: Instituto Nacional de Estadística, Geografía e Informática (INEGI)","Created on: Sep 05, 2014 Last modified: Sep 05, 2014 Views: 10","Mexico, 2009",,http://catalog.ihsn.org/index.php/catalog/5077,,,,http://catalog.ihsn.org/index.php/catalog/5062/download/61886,null
4354,ihsn,,,,,,,,Mexico,2009,,,"Encuesta Sobre la Confianza del Consumidor (ENCO) 2009, Enero ",,,,,"By: Instituto Nacional de Estadística, Geografía e Informática (INEGI)","Created on: Sep 05, 2014 Last modified: Sep 05, 2014 Views: 12","Mexico, 2009",,http://catalog.ihsn.org/index.php/catalog/5066,,,,http://catalog.ihsn.org/index.php/catalog/5069/download/61928,null
4361,ihsn,,,,,,,,Mexico,2009,,,"Encuesta Sobre la Confianza del Consumidor (ENCO) 2009, Febrero ",,,,,"By: Instituto Nacional de Estadística, Geografía e Informática (INEGI)","Created on: Sep 05, 2014 Last modified: Sep 05, 2014 Views: 8","Mexico, 2009",,http://catalog.ihsn.org/index.php/catalog/5067,,,,http://catalog.ihsn.org/index.php/catalog/5073/download/61952,null
4368,ihsn,,,,,,,,Mexico,2009,,,"Encuesta Sobre la Confianza del Consumidor (ENCO) 2009, Julio ",,,,,"By: Instituto Nacional de Estadística, Geografía e Informática (INEGI)","Created on: Sep 05, 2014 Last modified: Sep 05, 2014 Views: 12","Mexico, 2009",,http://catalog.ihsn.org/index.php/catalog/5072,,,,http://catalog.ihsn.org/index.php/catalog/5077/download/61976,null
4375,ihsn,,,,,,,,Mexico,2009,,,"Encuesta Sobre la Confianza del Consumidor (ENCO) 2009, Junio ",,,,,"By: Instituto Nacional de Estadística, Geografía e Informática (INEGI)","Created on: Sep 05, 2014 Last modified: Sep 05, 2014 Views: 7","Mexico, 2009",,http://catalog.ihsn.org/index.php/catalog/5071,,,,http://catalog.ihsn.org/index.php/catalog/5066/download/61910,null
4382,ihsn,,,,,,,,Mexico,2009,,,"Encuesta Sobre la Confianza del Consumidor (ENCO) 2009, Marzo ",,,,,"By: Instituto Nacional de Estadística, Geografía e Informática (INEGI)","Created on: Sep 05, 2014 Last modified: Sep 05, 2014 Views: 3","Mexico, 2009",,http://catalog.ihsn.org/index.php/catalog/5068,,,,http://catalog.ihsn.org/index.php/catalog/5067/download/61916,null
4389,ihsn,,,,,,,,Mexico,2009,,,"Encuesta Sobre la Confianza del Consumidor (ENCO) 2009, Mayo ",,,,,"By: Instituto Nacional de Estadística, Geografía e Informática (INEGI)","Created on: Sep 05, 2014 Last modified: Sep 05, 2014 Views: 14","Mexico, 2009",,http://catalog.ihsn.org/index.php/catalog/5070,,,,http://catalog.ihsn.org/index.php/catalog/5072/download/61946,null
4396,ihsn,,,,,,,,Mexico,2009,,,"Encuesta Sobre la Confianza del Consumidor (ENCO) 2009, Noviembre ",,,,,"By: Instituto Nacional de Estadística, Geografía e Informática (INEGI)","Created on: Sep 05, 2014 Last modified: Sep 05, 2014 Views: 11","Mexico, 2009",,http://catalog.ihsn.org/index.php/catalog/5076,,,,http://catalog.ihsn.org/index.php/catalog/5071/download/61940,null
4403,ihsn,,,,,,,,Mexico,2009,,,"Encuesta Sobre la Confianza del Consumidor (ENCO) 2009, Octubre ",,,,,"By: Instituto Nacional de Estadística, Geografía e Informática (INEGI)","Created on: Sep 05, 2014 Last modified: Sep 05, 2014 Views: 3","Mexico, 2009",,http://catalog.ihsn.org/index.php/catalog/5075,,,,http://catalog.ihsn.org/index.php/catalog/5068/download/61922,null
4410,ihsn,,,,,,,,Mexico,2009,,,"Encuesta Sobre la Confianza del Consumidor (ENCO) 2009, Septiembre ",,,,,"By: Instituto Nacional de Estadística, Geografía e Informática (INEGI)","Created on: Sep 05, 2014 Last modified: Sep 05, 2014 Views: 7","Mexico, 2009",,http://catalog.ihsn.org/index.php/catalog/5074,,,,http://catalog.ihsn.org/index.php/catalog/5070/download/61934,null
17110,ihsn,,,,,,,,Mexico, 2009-2010,,,"Study on Global Ageing and Adult Health 2009-2010, Wave 1 ",,,,,By: Instituto Nacional de Salud Pública,"Created on: May 19, 2014 Last modified: May 19, 2014 Views: 276","Mexico, 2009-2010",,http://catalog.ihsn.org/index.php/catalog/4568,,,,http://catalog.ihsn.org/index.php/catalog/5076/download/61970,null
2386,ihsn,,,,,,,,Mexico,2010,,,"Impact Evaluation of Parental Empowerment Program 2009, Second Follow-up Survey ",,,,,"By: Harry Anthony Patrinos - World Bank, National Council for Educational Development (CONAFE) - Secretariat of Public Education, Mexico","Created on: Dec 20, 2012 Last modified: Sep 14, 2013 Views: 34","Mexico, 2010",,http://catalog.ihsn.org/index.php/catalog/2340,,,,http://catalog.ihsn.org/index.php/catalog/5075/download/61964,null
2393,ihsn,,,,,,,,Mexico,2010,,,"Impact Evaluation of Parental Empowerment Program 2010, Endline Survey ",,,,,"By: Harry Anthony Patrinos - World Bank, National Council for Educational Development (CONAFE) - Secretariat of Public Education, Mexico","Created on: Dec 20, 2012 Last modified: Sep 14, 2013 Views: 26","Mexico, 2010",,http://catalog.ihsn.org/index.php/catalog/2341,,,,http://catalog.ihsn.org/index.php/catalog/5074/download/61958,null
4249,ihsn,,,,,,,,Mexico,2010,,,"Encuesta Sobre la Confianza del Consumidor (ENCO) 2010, Abril ",,,,,"By: Instituto Nacional de Estadística, Geografía e Informática (INEGI)","Created on: Sep 05, 2014 Last modified: Sep 05, 2014 Views: 12","Mexico, 2010",,http://catalog.ihsn.org/index.php/catalog/5081,,,,http://catalog.ihsn.org/index.php/catalog/4568/download/58215,null
4256,ihsn,,,,,,,,Mexico,2010,,,"Encuesta Sobre la Confianza del Consumidor (ENCO) 2010, Agosto ",,,,,"By: Instituto Nacional de Estadística, Geografía e Informática (INEGI)","Created on: Sep 05, 2014 Last modified: Sep 05, 2014 Views: 11","Mexico, 2010",,http://catalog.ihsn.org/index.php/catalog/5085,,,,http://catalog.ihsn.org/index.php/catalog/2340/download/65623,http://catalog.ihsn.org/index.php/catalog/2340/download/65631
4263,ihsn,,,,,,,,Mexico,2010,,,"Encuesta Sobre la Confianza del Consumidor (ENCO) 2010, Diciembre ",,,,,"By: Instituto Nacional de Estadística, Geografía e Informática (INEGI)","Created on: Sep 05, 2014 Last modified: Sep 05, 2014 Views: 9","Mexico, 2010",,http://catalog.ihsn.org/index.php/catalog/5089,,,,http://catalog.ihsn.org/index.php/catalog/2341/download/37211,http://catalog.ihsn.org/index.php/catalog/2341/download/37219
4270,ihsn,,,,,,,,Mexico,2010,,,"Encuesta Sobre la Confianza del Consumidor (ENCO) 2010, Enero ",,,,,"By: Instituto Nacional de Estadística, Geografía e Informática (INEGI)","Created on: Sep 05, 2014 Last modified: Sep 05, 2014 Views: 17","Mexico, 2010",,http://catalog.ihsn.org/index.php/catalog/5078,,,,http://catalog.ihsn.org/index.php/catalog/5081/download/62000,null
4277,ihsn,,,,,,,,Mexico,2010,,,"Encuesta Sobre la Confianza del Consumidor (ENCO) 2010, Febrero ",,,,,"By: Instituto Nacional de Estadística, Geografía e Informática (INEGI)","Created on: Sep 05, 2014 Last modified: Sep 05, 2014 Views: 5","Mexico, 2010",,http://catalog.ihsn.org/index.php/catalog/5079,,,,http://catalog.ihsn.org/index.php/catalog/5085/download/62024,null
4284,ihsn,,,,,,,,Mexico,2010,,,"Encuesta Sobre la Confianza del Consumidor (ENCO) 2010, Julio ",,,,,"By: Instituto Nacional de Estadística, Geografía e Informática (INEGI)","Created on: Sep 05, 2014 Last modified: Sep 05, 2014 Views: 13","Mexico, 2010",,http://catalog.ihsn.org/index.php/catalog/5084,,,,http://catalog.ihsn.org/index.php/catalog/5089/download/62048,null
4291,ihsn,,,,,,,,Mexico,2010,,,"Encuesta Sobre la Confianza del Consumidor (ENCO) 2010, Junio ",,,,,"By: Instituto Nacional de Estadística, Geografía e Informática (INEGI)","Created on: Sep 05, 2014 Last modified: Sep 05, 2014 Views: 8","Mexico, 2010",,http://catalog.ihsn.org/index.php/catalog/5083,,,,http://catalog.ihsn.org/index.php/catalog/5078/download/61982,null
4298,ihsn,,,,,,,,Mexico,2010,,,"Encuesta Sobre la Confianza del Consumidor (ENCO) 2010, Marzo ",,,,,"By: Instituto Nacional de Estadística, Geografía e Informática (INEGI)","Created on: Sep 05, 2014 Last modified: Sep 05, 2014 Views: 15","Mexico, 2010",,http://catalog.ihsn.org/index.php/catalog/5080,,,,http://catalog.ihsn.org/index.php/catalog/5079/download/61988,null
4305,ihsn,,,,,,,,Mexico,2010,,,"Encuesta Sobre la Confianza del Consumidor (ENCO) 2010, Mayo ",,,,,"By: Instituto Nacional de Estadística, Geografía e Informática (INEGI)","Created on: Sep 05, 2014 Last modified: Sep 05, 2014 Views: 18","Mexico, 2010",,http://catalog.ihsn.org/index.php/catalog/5082,,,,http://catalog.ihsn.org/index.php/catalog/5084/download/62018,null
4312,ihsn,,,,,,,,Mexico,2010,,,"Encuesta Sobre la Confianza del Consumidor (ENCO) 2010, Noviembre ",,,,,"By: Instituto Nacional de Estadística, Geografía e Informática (INEGI)","Created on: Sep 05, 2014 Last modified: Sep 05, 2014 Views: 15","Mexico, 2010",,http://catalog.ihsn.org/index.php/catalog/5088,,,,http://catalog.ihsn.org/index.php/catalog/5083/download/62012,null
4319,ihsn,,,,,,,,Mexico,2010,,,"Encuesta Sobre la Confianza del Consumidor (ENCO) 2010, Octubre ",,,,,"By: Instituto Nacional de Estadística, Geografía e Informática (INEGI)","Created on: Sep 05, 2014 Last modified: Sep 05, 2014 Views: 13","Mexico, 2010",,http://catalog.ihsn.org/index.php/catalog/5087,,,,http://catalog.ihsn.org/index.php/catalog/5080/download/61994,null
4326,ihsn,,,,,,,,Mexico,2010,,,"Encuesta Sobre la Confianza del Consumidor (ENCO) 2010, Septiembre ",,,,,"By: Instituto Nacional de Estadística, Geografía e Informática (INEGI)","Created on: Sep 05, 2014 Last modified: Sep 05, 2014 Views: 4","Mexico, 2010",,http://catalog.ihsn.org/index.php/catalog/5086,,,,http://catalog.ihsn.org/index.php/catalog/5082/download/62006,null
17052,ihsn,,,,,,,,Mexico, 2010-2011,,,Enterprise Survey 2010 ,,,,,By: World Bank,"Created on: Dec 19, 2011 Last modified: Sep 14, 2013 Views: 3751","Mexico, 2010-2011",,http://catalog.ihsn.org/index.php/catalog/1822,,,,http://catalog.ihsn.org/index.php/catalog/5088/download/62042,null
4162,ihsn,,,,,,,,Mexico,2011,,,"Encuesta Sobre la Confianza del Consumidor (ENCO) 2011, Abril ",,,,,"By: Instituto Nacional de Estadística, Geografía e Informática (INEGI)","Created on: Sep 05, 2014 Last modified: Sep 05, 2014 Views: 54","Mexico, 2011",,http://catalog.ihsn.org/index.php/catalog/5093,,,,http://catalog.ihsn.org/index.php/catalog/5087/download/62036,null
4169,ihsn,,,,,,,,Mexico,2011,,,"Encuesta Sobre la Confianza del Consumidor (ENCO) 2011, Agosto ",,,,,"By: Instituto Nacional de Estadística, Geografía e Informática (INEGI)","Created on: Sep 05, 2014 Last modified: Sep 05, 2014 Views: 47","Mexico, 2011",,http://catalog.ihsn.org/index.php/catalog/5097,,,,http://catalog.ihsn.org/index.php/catalog/5086/download/62030,null
4176,ihsn,,,,,,,,Mexico,2011,,,"Encuesta Sobre la Confianza del Consumidor (ENCO) 2011, Diciembre ",,,,,"By: Instituto Nacional de Estadística, Geografía e Informática (INEGI)","Created on: Sep 05, 2014 Last modified: Sep 05, 2014 Views: 51","Mexico, 2011",,http://catalog.ihsn.org/index.php/catalog/5101,,,,http://catalog.ihsn.org/index.php/catalog/1822/download/42620,http://catalog.ihsn.org/index.php/catalog/1822/download/42627
4183,ihsn,,,,,,,,Mexico,2011,,,"Encuesta Sobre la Confianza del Consumidor (ENCO) 2011, Enero ",,,,,"By: Instituto Nacional de Estadística, Geografía e Informática (INEGI)","Created on: Sep 05, 2014 Last modified: Sep 05, 2014 Views: 45","Mexico, 2011",,http://catalog.ihsn.org/index.php/catalog/5090,,,,null,null
4190,ihsn,,,,,,,,Mexico,2011,,,"Encuesta Sobre la Confianza del Consumidor (ENCO) 2011, Febrero ",,,,,"By: Instituto Nacional de Estadística, Geografía e Informática (INEGI)","Created on: Sep 05, 2014 Last modified: Sep 05, 2014 Views: 37","Mexico, 2011",,http://catalog.ihsn.org/index.php/catalog/5091,,,,http://catalog.ihsn.org/index.php/catalog/5093/download/62072,null
4197,ihsn,,,,,,,,Mexico,2011,,,"Encuesta Sobre la Confianza del Consumidor (ENCO) 2011, Julio ",,,,,"By: Instituto Nacional de Estadística, Geografía e Informática (INEGI)","Created on: Sep 05, 2014 Last modified: Sep 05, 2014 Views: 28","Mexico, 2011",,http://catalog.ihsn.org/index.php/catalog/5096,,,,http://catalog.ihsn.org/index.php/catalog/5097/download/62096,null
4204,ihsn,,,,,,,,Mexico,2011,,,"Encuesta Sobre la Confianza del Consumidor (ENCO) 2011, Junio ",,,,,"By: Instituto Nacional de Estadística, Geografía e Informática (INEGI)","Created on: Sep 05, 2014 Last modified: Sep 05, 2014 Views: 41","Mexico, 2011",,http://catalog.ihsn.org/index.php/catalog/5095,,,,http://catalog.ihsn.org/index.php/catalog/5101/download/62120,http://catalog.ihsn.org/index.php/catalog/5101/download/62127
4211,ihsn,,,,,,,,Mexico,2011,,,"Encuesta Sobre la Confianza del Consumidor (ENCO) 2011, Marzo ",,,,,"By: Instituto Nacional de Estadística, Geografía e Informática (INEGI)","Created on: Sep 05, 2014 Last modified: Sep 05, 2014 Views: 69","Mexico, 2011",,http://catalog.ihsn.org/index.php/catalog/5092,,,,http://catalog.ihsn.org/index.php/catalog/5090/download/62054,null
4221,ihsn,,,,,,,,Mexico,2011,,,"Encuesta Sobre la Confianza del Consumidor (ENCO) 2011, Mayo ",,,,,"By: Instituto Nacional de Estadística, Geografía e Informática (INEGI)","Created on: Sep 05, 2014 Last modified: Sep 05, 2014 Views: 47","Mexico, 2011",,http://catalog.ihsn.org/index.php/catalog/5094,,,,http://catalog.ihsn.org/index.php/catalog/5091/download/62060,null
4228,ihsn,,,,,,,,Mexico,2011,,,"Encuesta Sobre la Confianza del Consumidor (ENCO) 2011, Noviembre ",,,,,"By: Instituto Nacional de Estadística, Geografía e Informática (INEGI)","Created on: Sep 05, 2014 Last modified: Sep 05, 2014 Views: 31","Mexico, 2011",,http://catalog.ihsn.org/index.php/catalog/5100,,,,http://catalog.ihsn.org/index.php/catalog/5096/download/62090,null
4235,ihsn,,,,,,,,Mexico,2011,,,"Encuesta Sobre la Confianza del Consumidor (ENCO) 2011, Octubre ",,,,,"By: Instituto Nacional de Estadística, Geografía e Informática (INEGI)","Created on: Sep 05, 2014 Last modified: Sep 05, 2014 Views: 62","Mexico, 2011",,http://catalog.ihsn.org/index.php/catalog/5099,,,,http://catalog.ihsn.org/index.php/catalog/5095/download/62084,null
4242,ihsn,,,,,,,,Mexico,2011,,,"Encuesta Sobre la Confianza del Consumidor (ENCO) 2011, Septiembre ",,,,,"By: Instituto Nacional de Estadística, Geografía e Informática (INEGI)","Created on: Sep 05, 2014 Last modified: Sep 05, 2014 Views: 53","Mexico, 2011",,http://catalog.ihsn.org/index.php/catalog/5098,,,,http://catalog.ihsn.org/index.php/catalog/5092/download/62066,null
17059,ihsn,,,,,,,,Mexico,2011,,,Global Financial Inclusion (Global Findex) Database 2011 ,,,,,"By: Development Research Group, Finance and Private Sector Development Unit - World Bank","Created on: Dec 20, 2012 Last modified: Sep 14, 2013 Views: 81","Mexico, 2011",,http://catalog.ihsn.org/index.php/catalog/2703,,,,http://catalog.ihsn.org/index.php/catalog/5094/download/62078,null
17066,ihsn,,,,,,,,Mexico,2011,,,Large-Scale Financial Education Program Impact Evaluation 2011-2012 ,,,,,By: David McKenzie - World Bank,,"Mexico, 2011",,http://catalog.ihsn.org/index.php/catalog/5135,,,,http://catalog.ihsn.org/index.php/catalog/5100/download/62114,null
4078,ihsn,,,,,,,,Mexico,2012,,,"Encuesta Sobre la Confianza del Consumidor (ENCO) 2012, Abril ",,,,,"By: Instituto Nacional de Estadística, Geografía e Informática (INEGI)","Created on: Sep 05, 2014 Last modified: Sep 05, 2014 Views: 55","Mexico, 2012",,http://catalog.ihsn.org/index.php/catalog/5105,,,,http://catalog.ihsn.org/index.php/catalog/5099/download/62108,null
4085,ihsn,,,,,,,,Mexico,2012,,,"Encuesta Sobre la Confianza del Consumidor (ENCO) 2012, Agosto ",,,,,"By: Instituto Nacional de Estadística, Geografía e Informática (INEGI)","Created on: Sep 05, 2014 Last modified: Sep 05, 2014 Views: 42","Mexico, 2012",,http://catalog.ihsn.org/index.php/catalog/5109,,,,http://catalog.ihsn.org/index.php/catalog/5098/download/62102,null
4092,ihsn,,,,,,,,Mexico,2012,,,"Encuesta Sobre la Confianza del Consumidor (ENCO) 2012, Diciembre ",,,,,"By: Instituto Nacional de Estadística, Geografía e Informática (INEGI)","Created on: Sep 05, 2014 Last modified: Sep 05, 2014 Views: 46","Mexico, 2012",,http://catalog.ihsn.org/index.php/catalog/5113,,,,"/W3C//DTD XHTML 1.0 Transitional//EN"" ""http://www.w3.org/TR/x",null
4099,ihsn,,,,,,,,Mexico,2012,,,"Encuesta Sobre la Confianza del Consumidor (ENCO) 2012, Enero ",,,,,"By: Instituto Nacional de Estadística, Geografía e Informática (INEGI)","Created on: Sep 05, 2014 Last modified: Sep 05, 2014 Views: 47","Mexico, 2012",,http://catalog.ihsn.org/index.php/catalog/5102,,,,http://catalog.ihsn.org/index.php/catalog/5135/download/62400,http://catalog.ihsn.org/index.php/catalog/5135/download/62401
4106,ihsn,,,,,,,,Mexico,2012,,,"Encuesta Sobre la Confianza del Consumidor (ENCO) 2012, Febrero ",,,,,"By: Instituto Nacional de Estadística, Geografía e Informática (INEGI)","Created on: Sep 05, 2014 Last modified: Sep 05, 2014 Views: 57","Mexico, 2012",,http://catalog.ihsn.org/index.php/catalog/5103,,,,null,null
4113,ihsn,,,,,,,,Mexico,2012,,,"Encuesta Sobre la Confianza del Consumidor (ENCO) 2012, Julio ",,,,,"By: Instituto Nacional de Estadística, Geografía e Informática (INEGI)","Created on: Sep 05, 2014 Last modified: Sep 05, 2014 Views: 57","Mexico, 2012",,http://catalog.ihsn.org/index.php/catalog/5108,,,,http://catalog.ihsn.org/index.php/catalog/5105/download/62146,null
4120,ihsn,,,,,,,,Mexico,2012,,,"Encuesta Sobre la Confianza del Consumidor (ENCO) 2012, Junio ",,,,,"By: Instituto Nacional de Estadística, Geografía e Informática (INEGI)","Created on: Sep 05, 2014 Last modified: Sep 05, 2014 Views: 49","Mexico, 2012",,http://catalog.ihsn.org/index.php/catalog/5107,,,,http://catalog.ihsn.org/index.php/catalog/5109/download/62170,null
4127,ihsn,,,,,,,,Mexico,2012,,,"Encuesta Sobre la Confianza del Consumidor (ENCO) 2012, Marzo ",,,,,"By: Instituto Nacional de Estadística, Geografía e Informática (INEGI)","Created on: Sep 05, 2014 Last modified: Sep 05, 2014 Views: 71","Mexico, 2012",,http://catalog.ihsn.org/index.php/catalog/5104,,,,http://catalog.ihsn.org/index.php/catalog/5113/download/62194,null
4134,ihsn,,,,,,,,Mexico,2012,,,"Encuesta Sobre la Confianza del Consumidor (ENCO) 2012, Mayo ",,,,,"By: Instituto Nacional de Estadística, Geografía e Informática (INEGI)","Created on: Sep 05, 2014 Last modified: Sep 05, 2014 Views: 72","Mexico, 2012",,http://catalog.ihsn.org/index.php/catalog/5106,,,,http://catalog.ihsn.org/index.php/catalog/5102/download/62128,null
4141,ihsn,,,,,,,,Mexico,2012,,,"Encuesta Sobre la Confianza del Consumidor (ENCO) 2012, Noviembre ",,,,,"By: Instituto Nacional de Estadística, Geografía e Informática (INEGI)","Created on: Sep 05, 2014 Last modified: Sep 05, 2014 Views: 63","Mexico, 2012",,http://catalog.ihsn.org/index.php/catalog/5112,,,,http://catalog.ihsn.org/index.php/catalog/5103/download/62134,null
4148,ihsn,,,,,,,,Mexico,2012,,,"Encuesta Sobre la Confianza del Consumidor (ENCO) 2012, Octubre ",,,,,"By: Instituto Nacional de Estadística, Geografía e Informática (INEGI)","Created on: Sep 05, 2014 Last modified: Sep 05, 2014 Views: 45","Mexico, 2012",,http://catalog.ihsn.org/index.php/catalog/5111,,,,http://catalog.ihsn.org/index.php/catalog/5108/download/62164,null
4155,ihsn,,,,,,,,Mexico,2012,,,"Encuesta Sobre la Confianza del Consumidor (ENCO) 2012, Septiembre ",,,,,"By: Instituto Nacional de Estadística, Geografía e Informática (INEGI)","Created on: Sep 05, 2014 Last modified: Sep 05, 2014 Views: 52","Mexico, 2012",,http://catalog.ihsn.org/index.php/catalog/5110,,,,http://catalog.ihsn.org/index.php/catalog/5107/download/62158,null
3994,ihsn,,,,,,,,Mexico,2013,,,"Encuesta Sobre la Confianza del Consumidor (ENCO) 2013, Abril ",,,,,"By: Instituto Nacional de Estadística, Geografía e Informática (INEGI)","Created on: Sep 05, 2014 Last modified: Sep 05, 2014 Views: 60","Mexico, 2013",,http://catalog.ihsn.org/index.php/catalog/5117,,,,http://catalog.ihsn.org/index.php/catalog/5104/download/62140,null
4001,ihsn,,,,,,,,Mexico,2013,,,"Encuesta Sobre la Confianza del Consumidor (ENCO) 2013, Agosto ",,,,,"By: Instituto Nacional de Estadística, Geografía e Informática (INEGI)","Created on: Sep 05, 2014 Last modified: Sep 05, 2014 Views: 18","Mexico, 2013",,http://catalog.ihsn.org/index.php/catalog/4962,,,,http://catalog.ihsn.org/index.php/catalog/5106/download/62152,null
4008,ihsn,,,,,,,,Mexico,2013,,,"Encuesta Sobre la Confianza del Consumidor (ENCO) 2013, Diciembre ",,,,,"By: Instituto Nacional de Estadística, Geografía e Informática (INEGI)","Created on: Sep 05, 2014 Last modified: Sep 05, 2014 Views: 15","Mexico, 2013",,http://catalog.ihsn.org/index.php/catalog/4966,,,,http://catalog.ihsn.org/index.php/catalog/5112/download/62188,null
4015,ihsn,,,,,,,,Mexico,2013,,,"Encuesta Sobre la Confianza del Consumidor (ENCO) 2013, Enero ",,,,,"By: Instituto Nacional de Estadística, Geografía e Informática (INEGI)","Created on: Sep 05, 2014 Last modified: Sep 05, 2014 Views: 50","Mexico, 2013",,http://catalog.ihsn.org/index.php/catalog/5115,,,,http://catalog.ihsn.org/index.php/catalog/5111/download/62182,null
4022,ihsn,,,,,,,,Mexico,2013,,,"Encuesta Sobre la Confianza del Consumidor (ENCO) 2013, Febrero ",,,,,"By: Instituto Nacional de Estadística, Geografía e Informática (INEGI)","Created on: Sep 05, 2014 Last modified: Sep 05, 2014 Views: 58","Mexico, 2013",,http://catalog.ihsn.org/index.php/catalog/5114,,,,http://catalog.ihsn.org/index.php/catalog/5110/download/62176,null
4029,ihsn,,,,,,,,Mexico,2013,,,"Encuesta Sobre la Confianza del Consumidor (ENCO) 2013, Julio ",,,,,"By: Instituto Nacional de Estadística, Geografía e Informática (INEGI)","Created on: Sep 05, 2014 Last modified: Sep 05, 2014 Views: 16","Mexico, 2013",,http://catalog.ihsn.org/index.php/catalog/4961,,,,http://catalog.ihsn.org/index.php/catalog/5117/download/62218,null
4036,ihsn,,,,,,,,Mexico,2013,,,"Encuesta Sobre la Confianza del Consumidor (ENCO) 2013, Junio ",,,,,"By: Instituto Nacional de Estadística, Geografía e Informática (INEGI)","Created on: Sep 05, 2014 Last modified: Sep 05, 2014 Views: 18","Mexico, 2013",,http://catalog.ihsn.org/index.php/catalog/4960,,,,http://catalog.ihsn.org/index.php/catalog/4962/download/61307,null
4043,ihsn,,,,,,,,Mexico,2013,,,"Encuesta Sobre la Confianza del Consumidor (ENCO) 2013, Marzo ",,,,,"By: Instituto Nacional de Estadística, Geografía e Informática (INEGI)","Created on: Sep 05, 2014 Last modified: Sep 05, 2014 Views: 64","Mexico, 2013",,http://catalog.ihsn.org/index.php/catalog/5116,,,,http://catalog.ihsn.org/index.php/catalog/4966/download/61331,null
4050,ihsn,,,,,,,,Mexico,2013,,,"Encuesta Sobre la Confianza del Consumidor (ENCO) 2013, Mayo ",,,,,"By: Instituto Nacional de Estadística, Geografía e Informática (INEGI)","Created on: Sep 05, 2014 Last modified: Sep 05, 2014 Views: 62","Mexico, 2013",,http://catalog.ihsn.org/index.php/catalog/5118,,,,http://catalog.ihsn.org/index.php/catalog/5115/download/62206,null
4057,ihsn,,,,,,,,Mexico,2013,,,"Encuesta Sobre la Confianza del Consumidor (ENCO) 2013, Noviembre ",,,,,"By: Instituto Nacional de Estadística, Geografía e Informática (INEGI)","Created on: Sep 05, 2014 Last modified: Sep 05, 2014 Views: 26","Mexico, 2013",,http://catalog.ihsn.org/index.php/catalog/4965,,,,http://catalog.ihsn.org/index.php/catalog/5114/download/62200,null
4064,ihsn,,,,,,,,Mexico,2013,,,"Encuesta Sobre la Confianza del Consumidor (ENCO) 2013, Octubre ",,,,,"By: Instituto Nacional de Estadística, Geografía e Informática (INEGI)","Created on: Sep 05, 2014 Last modified: Sep 05, 2014 Views: 19","Mexico, 2013",,http://catalog.ihsn.org/index.php/catalog/4964,,,,http://catalog.ihsn.org/index.php/catalog/4961/download/61301,null
4071,ihsn,,,,,,,,Mexico,2013,,,"Encuesta Sobre la Confianza del Consumidor (ENCO) 2013, Septiembre ",,,,,"By: Instituto Nacional de Estadística, Geografía e Informática (INEGI)","Created on: Sep 05, 2014 Last modified: Sep 05, 2014 Views: 20","Mexico, 2013",,http://catalog.ihsn.org/index.php/catalog/4963,,,,http://catalog.ihsn.org/index.php/catalog/4960/download/61295,null
3945,ihsn,,,,,,,,Mexico,2014,,,"Encuesta Sobre la Confianza del Consumidor (ENCO) 2014, Abril ",,,,,"By: Instituto Nacional de Estadística, Geografía e Informática (INEGI)","Created on: Sep 05, 2014 Last modified: Sep 05, 2014 Views: 40","Mexico, 2014",,http://catalog.ihsn.org/index.php/catalog/4970,,,,http://catalog.ihsn.org/index.php/catalog/5116/download/62212,null
3952,ihsn,,,,,,,,Mexico,2014,,,"Encuesta Sobre la Confianza del Consumidor (ENCO) 2014, Enero ",,,,,"By: Instituto Nacional de Estadística, Geografía e Informática (INEGI)","Created on: Sep 05, 2014 Last modified: Sep 05, 2014 Views: 20","Mexico, 2014",,http://catalog.ihsn.org/index.php/catalog/4967,,,,http://catalog.ihsn.org/index.php/catalog/5118/download/62224,null
3959,ihsn,,,,,,,,Mexico,2014,,,"Encuesta Sobre la Confianza del Consumidor (ENCO) 2014, Febrero ",,,,,"By: Instituto Nacional de Estadística, Geografía e Informática (INEGI)","Created on: Sep 05, 2014 Last modified: Sep 05, 2014 Views: 19","Mexico, 2014",,http://catalog.ihsn.org/index.php/catalog/4968,,,,http://catalog.ihsn.org/index.php/catalog/4965/download/61325,null
3966,ihsn,,,,,,,,Mexico,2014,,,"Encuesta Sobre la Confianza del Consumidor (ENCO) 2014, Julio ",,,,,"By: Instituto Nacional de Estadística, Geografía e Informática (INEGI)","Created on: Sep 05, 2014 Last modified: Sep 05, 2014 Views: 20","Mexico, 2014",,http://catalog.ihsn.org/index.php/catalog/4973,,,,http://catalog.ihsn.org/index.php/catalog/4964/download/61319,null
3973,ihsn,,,,,,,,Mexico,2014,,,"Encuesta Sobre la Confianza del Consumidor (ENCO) 2014, Junio ",,,,,"By: Instituto Nacional de Estadística, Geografía e Informática (INEGI)","Created on: Sep 05, 2014 Last modified: Sep 05, 2014 Views: 22","Mexico, 2014",,http://catalog.ihsn.org/index.php/catalog/4972,,,,http://catalog.ihsn.org/index.php/catalog/4963/download/61313,null
3980,ihsn,,,,,,,,Mexico,2014,,,"Encuesta Sobre la Confianza del Consumidor (ENCO) 2014, Marzo ",,,,,"By: Instituto Nacional de Estadística, Geografía e Informática (INEGI)","Created on: Sep 05, 2014 Last modified: Sep 05, 2014 Views: 13","Mexico, 2014",,http://catalog.ihsn.org/index.php/catalog/4969,,,,http://catalog.ihsn.org/index.php/catalog/4970/download/61355,null
3987,ihsn,,,,,,,,Mexico,2014,,,"Encuesta Sobre la Confianza del Consumidor (ENCO) 2014, Mayo ",,,,,"By: Instituto Nacional de Estadística, Geografía e Informática (INEGI)","Created on: Sep 05, 2014 Last modified: Sep 05, 2014 Views: 15","Mexico, 2014",,http://catalog.ihsn.org/index.php/catalog/4971,,,,http://catalog.ihsn.org/index.php/catalog/4967/download/61337,null
,,,,,,,,,,,,,,,,,,,,,,,,,,http://catalog.ihsn.org/index.php/catalog/4968/download/61343,null
,,,,,,,,,,,,,,,,,,,,,,,,,,http://catalog.ihsn.org/index.php/catalog/4973/download/61373,null
,,,,,,,,,,,,,,,,,,,,,,,,,,http://catalog.ihsn.org/index.php/catalog/4972/download/61367,null
,,,,,,,,,,,,,,,,,,,,,,,,,,http://catalog.ihsn.org/index.php/catalog/4969/download/61349,null
,,,,,,,,,,,,,,,,,,,,,,,,,,http://catalog.ihsn.org/index.php/catalog/4971/download/61361,null
